 1 224
 4 0
 1 -32768
 7 -1
 1 2
19 0
 1 -928
 7 0
 1 -1024
 1 0
 1 -32516
 1 -15809
 1 127
 2 0
 1 -4096
 1 -1
 1 63
 1 0
 1 3584
 1 0
 1 104
 3 0
 1 -32768
 1 -8157
 1 2047
 1 17392
 1 4
 5 0
 1 -8
 5 -1
 1 8191
 4 0
 1 -8192
 1 3
 8 0
 1 2
 5 0
 1 -32768
 1 -15361
 1 1
 2 0
 1 -32
 1 4095
 1 2044
 1 -64
 1 -1
 1 31
 2 0
 1 -1024
 1 7
 1 0
 1 1543
 1 0
 1 128
15 0
 1 -32768
 6 -1
 1 4095
 9 0
 1 -32768
 1 319
 1 0
 1 -129
 1 15
15 0
 1 -4096
 1 7
13 0
 1 -8
 1 -1
 9 0
 1 -512
 7 -1
 1 -31481
 1 7
27 0
 1 240
25 0
 1 -32768
 6 -1
 1 30719
 1 7
 1 -2
 1 4129
 1 3488
 9 0
 1 -256
 3 0
 1 -32768
 1 -28
 2 -1
 1 15295
 1 0
 1 224
 1 0
 1 8
 1 2
28 0
 1 -64
14 -1
 1 4095
 2 0
 1 16384
15 0
 1 -8448
 1 7
 1 -8
 1 11
 6 0
 1 6
 2 0
 1 8
10 0
 1 16192
 3 0
 1 -2048
13 -1
 1 31
 3 0
 1 -4096
 1 -1
 1 -49
 1 -129
 2 -1
 1 8193
 1 0
 1 240
 5 0
 1 124
29 0
 1 -8192
 8 -1
 1 8191
24 0
 1 -8192
 1 419
 3 0
 1 8
 2 0
 1 64
 1 256
18 0
 1 488
 1 -64
 6 -1
 1 16383
 1 4
32 0
 1 4095
 1 8140
 1 8184
 2 0
 1 -32768
 1 28
 1 0
 1 -16384
 1 14335
 1 -1024
 1 7
10 0
 1 -256
12 -1
 1 15
 1 0
 1 -16384
 1 127
 1 12288
 6 0
 1 256
 1 0
 1 -16
 1 3
 6 0
 1 -30
 1 -1
 1 63
20 0
 1 -1
 1 3
 4 0
 1 -4
 3 -1
 1 -10113
 1 3711
 1 1
 6 0
 1 1
11 0
 1 512
 4 0
 1 28
 2 0
 1 192
 6 0
 1 14460
21 0
 1 -4
 7 -1
 1 -257
 1 -15793
 1 -16
13 0
 1 -25
 1 127
 1 -32
 1 32675
 4 0
 1 16
 1 0
 1 -4096
 2 -1
 1 20479
 8 0
 1 8192
 1 2048
 1 -64
 1 2047
 1 0
 1 4
 2 0
 1 -16144
 1 -2041
 1 3
 1 8
 2 0
 1 -16384
 1 -1
 1 -2503
 6 -1
 1 4351
 8 0
 1 896
 1 1022
 1 -256
 1 24448
 1 17406
 1 0
 1 16376
 1 16
18 0
 1 -16384
 1 575
 1 62
 4 0
 1 512
 1 -1
 1 -576
 1 -1
 1 255
 1 0
 1 512
 2 0
 1 -8
 1 2035
 2 0
 1 -4096
13 -1
 1 511
 9 0
 1 -16
 1 2047
 3 0
 1 1984
 4 0
 1 32
10 0
 1 -8192
 1 -33
 1 191
 1 240
 1 255
 1 -1408
 1 1
 3 0
 1 2055
 1 2044
 1 -4096
 1 4095
 3 0
 1 -32768
 9 -1
 1 575
 4 0
 1 3840
 7 0
 1 -16384
 1 3
21 0
 1 -1024
 1 -1
 4 0
 1 120
11 0
 1 -2
 6 -1
 1 1
22 0
 1 -4096
 1 -3201
 2 -1
 1 15
 1 0
 1 16320
 1 -8192
 1 -1023
 1 17
13 0
 1 -4
 1 -8191
 2 -1
 1 511
 1 128
 3 0
 1 6
16 -1
 1 -32641
 2 -1
 1 127
 1 31744
 1 194
 1 0
 1 -32768
 1 -4096
 1 1
 3 0
 1 1
 9 0
 1 -32768
 1 6175
 6 0
 1 128
 2 0
 1 1031
 1 1024
 1 0
 1 8192
 1 126
 1 8256
 1 0
 1 -16384
 4 0
 1 -128
 6 -1
 1 511
 5 0
 1 -24832
 1 -24633
 1 3
 2 0
 1 -8192
 1 -1
 1 8191
 1 -896
 1 -7937
 1 7
 8 0
 1 255
 1 -8192
 1 1
 3 0
 1 1006
 3 0
 1 368
 8 0
 1 -8192
 1 -1
 1 4095
 8 0
 1 -256
 6 -1
 1 3599
 1 0
 1 -3072
 1 3585
 4 0
 1 -256
13 0
 1 -6144
 1 -573
 1 -28665
 1 0
 1 -256
 1 6287
 1 0
 1 -8192
 1 127
 1 -16
 1 -1
 1 0
 1 16
 6 0
 1 16
 1 0
 1 16384
 1 -14
 1 -1
 1 511
 9 0
 1 3072
 1 -12
 4 -1
 1 8191
10 0
 1 4096
24 0
 1 -960
 1 -1
 1 16383
 1 2047
17 0
 1 -6208
12 -1
 1 32767
 1 248
 1 24576
17 0
 1 -2048
 8 0
 1 -32768
 1 -1
 1 12799
 2 0
 1 -640
 1 -1
 1 63
 5 0
 1 384
 5 0
 1 8316
 1 -2
 6 -1
 1 511
11 0
 1 -8192
 1 -1
 1 -511
 1 15
 3 0
 1 -25600
 1 -121
 1 -1
 1 16447
 1 -128
 1 28
 2 0
 1 1
 2 0
 1 512
 4 0
 1 256
 1 0
 1 32512
 1 256
 2 0
 1 -3072
 1 127
 4 0
 1 28976
 3 0
 1 -2048
 1 8199
 2 0
 1 -4096
 1 31
 1 -32
 4 -1
 1 7
 1 -2
 1 -253
 1 3
12 0
 1 24816
 2 0
 1 8191
 5 0
 1 12
14 0
 1 1024
 1 0
 1 -160
 1 2047
 1 -4096
 1 63
 1 -1552
 1 -31745
 1 -960
 1 4091
 1 3072
 1 190
 4 0
 1 -49
14 -1
 4 0
 1 16
 5 0
 1 224
 2 0
 1 768
 1 2
 1 0
 1 -768
 1 8191
 1 0
 1 -8192
 1 16383
 5 0
 1 -2
 1 -1
 1 15
 1 12288
 4 0
 1 26624
 1 8
 1 29568
 1 -8
 1 255
 8 0
 1 -256
 5 -1
 1 2047
 1 -26624
 1 1
12 0
 1 2176
36 0
 1 2
 4 0
 1 -256
 6 -1
 1 32767
12 0
 1 16384
19 0
 1 -4096
 1 -1
 1 -8161
 1 -1
 1 -16321
 1 28673
 1 3584
 1 -4096
 1 -16384
 1 -16383
 1 -1
 1 -32509
 1 1008
 1 0
 1 16321
 1 24
 6 0
 1 -16384
14 -1
 1 255
36 0
 1 -64
 1 0
 1 26622
 1 -258
 1 2047
 4 0
 1 -4096
10 -1
 1 1
 1 0
 1 8192
 7 0
 1 -2557
 1 -993
 1 31
 8 0
 1 512
22 0
 1 -16384
 1 7
 6 0
 1 -32768
 6 -1
 1 1023
23 0
 1 -32768
 1 -1
 1 1
 1 0
 1 32736
 1 2
 7 0
 1 20480
 1 -1024
 1 -63
 1 16383
15 0
 1 -1024
 7 -1
 1 2047
 3 0
 1 8176
 1 8
 1 0
 1 3072
 6 0
 1 -8
 1 -1025
 1 2016
 1 4344
 1 3
 1 -2048
 1 4095
 1 0
 1 64
 4 0
 1 15928
 1 0
 1 112
29 0
 1 128
 1 -32
 1 31
 2 0
 1 -16376
 1 255
 1 16352
 1 2
 5 0
 1 -16384
 1 -1
 1 63
 1 -8192
 1 1151
 1 130
 1 0
 1 -32768
 4 -1
 1 8191
 6 0
 1 -965
 1 -1
 1 1
 3 0
 1 8065
 1 -3
 1 -3841
 1 255
 1 32
 2 0
 1 -32768
 1 2040
 5 0
 1 -32284
 1 -127
 1 8207
 1 8190
 1 -32674
 8 -1
 1 1023
11 0
 1 -15872
 1 2047
13 0
 1 -32768
 1 -225
 1 16387
 1 1600
 2 0
 1 8082
 1 0
 1 31745
 1 -8
 1 2047
10 0
 1 16377
 1 -450
 1 3
 1 0
 1 -4032
 2 0
 1 2048
 1 -64
 6 -1
 1 15999
 1 2047
 5 0
 1 14
 1 8192
 1 3218
28 0
 1 512
 1 1536
 2 0
 1 128
 4 0
 1 8
 1 -8
 1 -5
 1 -31
 1 1023
 3 0
 1 12272
 1 -32
10 -1
 1 16383
 1 -64
 1 63
 6 0
 1 -16640
 1 1017
 4 0
 1 -32268
 1 32767
15 0
 1 7936
 5 0
 1 -320
 1 -30719
 1 117
 9 0
 1 -512
 7 -1
 1 -14897
 1 1
 1 -4096
 1 -1
 1 255
 1 4
49 0
 1 -32
 5 -1
 1 4095
 2 0
 1 62
11 0
 1 -8
 1 -1
 1 7
11 0
 1 -8
 1 255
 2 0
 1 975
 1 7800
 4 0
 1 61
16 0
 1 -2048
12 -1
 1 16383
 1 8
12 0
 1 -30784
 1 -391
 1 -13541
 1 3
 1 12288
 1 0
 1 3
 1 0
 1 -16384
 1 7
 3 0
 1 -8
 1 -3969
 1 -7681
 1 47
 1 3584
 1 -18432
 1 16135
 1 32
14 0
 1 -1024
12 -1
 1 4095
 1 -16384
 1 0
 1 128
 3 0
 1 832
 2 0
 1 64
12 0
 1 2078
10 0
 1 -28672
 1 3
 7 0
 1 -8192
 1 0
 1 -512
 1 255
 3 0
 1 -24576
 6 -1
 1 63
 9 0
 1 -32768
 1 128
 6 0
 1 3072
 1 496
24 0
 1 -2
 1 -31752
 1 32
 9 0
 1 -512
 7 -1
 1 32767
 1 -8048
 1 8703
 1 0
 1 -256
 1 16383
 3 0
 1 256
 9 0
 1 384
 1 3
 1 4096
11 0
 1 2112
 1 32
 4 0
 1 -32
 1 15
13 0
 1 -16384
 2 -1
 1 -769
 4 -1
 1 32767
 1 -2048
 1 2047
36 0
 1 -16336
 1 14463
 3 0
 1 1024
 6 0
 1 3584
 3 0
 1 -3
11 -1
 1 2815
 1 31
15 0
 1 1070
 3 0
 1 16352
 1 4080
 1 2
 4 0
 1 13056
 1 6
 6 0
 1 -32768
 3 0
 1 -32768
 1 1
 1 0
 1 16384
 6 0
 1 -128
13 -1
 1 15
14 0
 1 -1800
 1 -1
 1 -12225
 1 8191
 7 0
 1 2048
 1 32736
 1 -32768
 1 0
 1 1
 1 64
 1 8
11 0
 1 1408
 1 0
 1 -7172
 1 1006
 1 -32768
13 -1
 1 -31489
 6 0
 1 8128
 1 16
 1 8188
 3 0
 1 -32768
 1 7
21 0
 1 8193
 1 0
 1 63
 3 0
 1 -130
 1 30975
 1 7932
 1 -32768
 3 0
 1 -2048
 7 -1
 1 15
20 0
 1 8192
 9 0
 1 -8192
 1 -1
 1 7
 1 0
 1 1024
 1 0
 1 -32768
 1 -1
 1 97
 3 0
 1 -32
 1 16399
 1 12
 3 0
 1 -32768
 1 -1
 1 4095
 1 0
 1 1152
 1 -1024
14 -1
 1 -64
 1 4591
27 0
 1 2044
17 0
 1 3808
 1 -24
 1 -519
 6 -1
 1 16383
 3 0
 1 32
 5 0
 1 128
 2 0
 1 4
13 0
 1 4096
 6 0
 1 128
 4 0
 1 -1022
 1 -1
 1 63
13 0
 1 20480
 9 -1
 1 1
20 0
 1 1016
 1 224
 3 0
 1 6148
 1 244
 1 16382
 4 0
 1 64
 1 0
 1 -32768
 1 63
 1 0
 1 480
14 0
 1 -10
 5 -1
 1 1
 1 0
 1 -2
 1 -1
 1 8191
 4 0
 1 -4096
 1 127
 7 0
 1 -8192
 1 -30721
 1 -57
 1 16895
 1 58
 3 0
 1 -64
 1 159
 7 0
 1 16384
 1 1020
19 0
 1 -4080
 1 -385
 1 -6144
11 -1
 1 19
 1 6148
 2 0
 1 15872
 8 0
 1 1536
 1 16384
10 0
 1 20480
 1 -48
 1 8319
 1 -64
 1 -1
 1 -2032
 1 7935
 4 0
 1 -1024
 1 -1
 1 1
 9 0
 1 -4096
 6 -1
 1 15
33 0
 1 32
12 0
 1 -3072
 1 -1
 1 0
 1 -1024
 2 -1
 1 8191
 2 0
 1 -61
16 -1
 1 14
10 0
 2 -1
 1 -7169
 1 -24577
 1 -7624
 1 511
 1 0
 1 -16384
 1 31
 2 0
 1 -32768
 1 2047
 9 0
 1 48
 7 0
 1 4096
 3 0
 1 -8192
 7 -1
 1 -1793
 1 15
29 0
 1 -6144
 1 32767
11 0
 1 32752
 1 63
 1 -8192
 1 -1
 1 -8192
 1 71
 5 0
 1 -2
 6 -1
 1 1023
 9 0
 1 64
 9 0
 1 -4
 1 -1
 1 127
 1 2
 7 0
 1 -4
 1 -1
 1 127
 2 0
 1 96
 9 0
 1 -32768
 1 127
 7 0
 1 -8192
 6 -1
 1 31
 1 0
 1 8192
 1 4096
 4 0
 1 -16384
 1 1
 4 0
 1 16332
 1 -128
 1 -1
 1 0
 1 -32768
 1 32767
 1 -16
 4 0
 1 1792
17 0
 1 -29184
 1 1804
 1 64
10 0
 1 -1024
 8 -1
 1 32767
 1 -4
 1 -1
 1 3
 1 -16384
 1 1
10 0
 1 512
 1 126
10 0
 1 -512
 1 -103
 1 8191
 1 -16
 1 3999
 6 0
 1 -8160
 1 8191
 1 -512
 1 127
 6 0
 1 4032
 1 4
 2 0
 1 16384
 1 -1
 1 -121
 4 -1
 1 31
 1 -896
 1 -1
 1 15
 5 0
 1 32
14 0
 1 3072
 1 -128
 1 32767
 1 256
 1 508
17 0
 1 -8192
 1 8191
 1 -244
 2 -1
 1 13312
 4 0
 1 -25088
 6 -1
 1 63
 5 0
 1 -5632
 1 8191
 1 0
 1 48
 3 0
 1 -640
 1 511
 1 0
 1 16352
 4 0
 1 -15872
 1 96
 1 3584
 7 0
 1 -32
 1 4095
 9 0
 1 -4
 2 -1
 1 2047
 1 0
 1 1536
 1 2
 6 0
 1 -1024
13 -1
 1 -7
 1 -1
 1 1023
 5 0
 1 -32
 1 16383
10 0
 1 1984
 1 24335
 1 1
22 0
 1 -31744
 1 3840
 1 1544
 1 -24704
 9 -1
 1 2047
 1 -8
 2 -1
 1 1
 2 0
 1 32640
 1 24
19 0
 1 -21504
 1 8191
 1 -505
 1 15
11 0
 1 -112
 1 2047
 8 0
 1 -32768
 1 -4
 5 -1
 1 511
 3 0
 1 1920
 1 -2048
 1 7
 4 0
 1 -2048
 1 1920
 8 0
 1 7616
 8 0
 1 128
 1 -32762
 1 2
 8 0
 1 272
 1 7
 1 -128
 1 15
10 0
 1 -32768
 7 -1
 1 3
17 0
 1 -8
 1 15
17 0
 1 -128
 1 -1
 1 32767
 1 80
14 0
 1 -3840
 1 -886
 5 -1
 1 127
 8 0
 1 -32768
 1 4079
11 0
 1 14256
 1 0
 1 16352
 1 63
13 0
 1 15
 3 0
 1 1
13 0
 7 -1
 1 139
 1 96
 8 0
 1 -2560
 2 -1
 1 31
 3 0
 1 -248
 1 16383
 1 -506
 1 16383
 1 -32
 1 7
 5 0
 1 64
 1 0
 1 16384
 1 -8320
 1 1
 1 0
 1 512
11 0
 1 -4096
 1 -7169
 1 7
 1 -16384
 1 -3
 1 15
 2 0
 1 -16384
 6 -1
 1 4095
12 0
 1 -14338
 6 0
 1 -32768
 1 -49
 1 31
 1 62
 1 0
 1 896
 2 0
 1 24576
 1 8190
 1 2
 1 -320
 1 255
 5 0
 1 -2048
 1 3
 1 -496
 2 -1
 1 103
 1 0
 1 -4
 1 3
 1 -104
 1 -1
 1 8191
 3 0
 1 128
 2 0
 1 -64
13 -1
 1 2047
20 0
 1 -25600
 1 -1
 1 127
 1 1
11 0
 1 15360
 3 0
 1 -3712
 1 1023
 1 0
 1 -8192
 1 -1
 1 513
 3 0
 1 -8248
12 -1
 1 255
 1 8192
 1 2016
16 0
 1 -16384
 9 0
 1 256
 1 -16
 1 32767
10 0
 1 -56
 1 32767
 1 -24
 1 7
 1 96
 2 0
 1 -256
 5 -1
 1 16383
10 0
 1 384
 1 -6144
 1 32767
 8 0
 1 -8
 3 -1
 1 4095
 4 0
 1 -4096
 2 -1
 1 7
 1 -28
 1 -7937
 1 2047
 1 -29
 5 -1
 1 32767
 1 3970
 1 14
 4 0
 1 32256
 4 0
 1 -2
 6 -1
 1 16353
 1 -1538
 1 -1
 1 4095
13 0
 1 24576
 1 25600
 2 0
 1 4094
 1 512
 1 2048
17 0
 1 -404
 1 -1024
 1 33
 5 0
 1 -32513
 1 -2049
 1 1
 4 0
 1 -8192
12 -1
 1 -4095
 1 1
10 0
 1 16384
 4 0
 1 -224
 1 -1
 1 2047
16 0
 1 -32768
 1 -6144
 1 -1
 1 -16129
 1 -1
 1 -32680
 1 7
 7 0
 1 -8
 5 -1
 1 127
 6 0
 1 -4096
 3 -1
 1 7
 1 -1024
 1 -1
 1 63
 9 0
 1 2528
 1 17
 1 0
 1 1920
13 0
 1 -32512
 1 7
 3 0
 1 8192
 8 0
 1 -448
 7 -1
 1 24223
 1 -2048
 1 47
 1 0
 1 16384
 4 0
 1 4080
 1 0
 1 -128
 1 -1575
 1 511
 1 32016
 2 0
 1 -512
 1 9730
 1 0
 1 -2048
 1 -1
 1 503
 1 968
18 0
 1 -4094
 1 -8161
 1 -961
 1 511
 1 -7680
 1 -1
 1 -14845
 1 254
 6 0
 8 -1
 1 1023
 8 0
 1 4
16 0
 1 126
 1 0
 1 -480
 1 30720
 3 0
 1 7
 2 0
 1 2048
 1 8
 3 0
 1 -32768
 1 -1
 1 1
 6 0
 1 -64
 1 32767
 2 0
 1 -4
13 -1
 1 3
 1 124
 5 0
 1 -60
 1 4095
 4 0
 1 -2048
 1 8191
 2 0
 1 -256
 1 -7935
 1 15
29 0
 1 9216
 1 -384
 5 -1
 1 2041
14 0
 1 1536
 1 12
 1 0
 1 512
 1 18
 3 0
 1 18176
 9 0
 1 -192
 1 4095
 6 0
 1 6144
 1 0
 1 -16
 1 -97
 1 -1
 1 1
 4 0
 1 31744
 2 0
 1 -32768
 1 -52
 5 -1
 1 32767
 1 -24673
 1 0
 1 7
 1 1024
20 0
 1 -4096
 1 -1
 1 16383
16 0
 1 4
 1 0
 1 4
 8 0
 1 12288
 1 -3
12 -1
 1 -31
 1 7
 1 0
 1 -1280
 1 7999
 1 1023
 3 0
 1 -32768
 1 22525
 1 -12292
12 0
 1 16384
 1 -28676
 1 7
 4 0
 1 16384
 1 112
17 0
 1 -8192
 5 -1
 1 32767
 6 0
 1 252
 1 2
10 0
 1 256
 1 0
 1 1025
 1 1472
19 0
 1 17920
 1 -1
 1 4
11 0
 1 384
 1 -14
 5 -1
 1 17615
 1 -1024
 1 1
 6 0
 1 -128
 1 -1
 1 1021
 6 0
 1 -1920
 1 0
 1 2
17 0
 1 128
 4 0
 1 31744
 1 -1
 1 1023
 1 -31
 2 0
 1 1023
 1 32767
 1 12292
 1 -1
 1 7
 1 16384
 1 0
 1 -512
 1 -61
 5 -1
 1 1
 4 0
 1 15360
 1 32767
 1 1788
 1 0
 1 -512
 1 18
13 0
 1 -8
 1 -32768
 1 -516
 2 -1
 1 449
 1 128
 6 0
 1 -114
 1 1
12 0
 1 3076
 2 0
 1 7
 1 -16
12 -1
 1 3
13 0
 1 128
 1 24576
 1 31
 8 0
 1 -32768
 1 -1
 1 127
 2 0
 1 -2048
 1 4095
 3 0
 1 3840
 1 -29696
 1 -7
 1 -2049
 1 32767
 4 0
 1 -4096
 1 -1
 1 65
 3 0
 1 -4
 8 -1
 1 1
 1 -456
 1 1
15 0
 1 -8192
 1 2047
31 0
 1 1792
 1 512
 1 -8
 8 -1
 1 -17
 1 -1
 1 8191
13 0
 1 -32768
 1 -1
 1 4095
 6 0
 1 15360
 1 4097
 9 0
 1 -16384
 1 -128
 1 4099
 1 -4
 1 63
 1 0
 1 -2048
 1 255
 8 0
 1 4096
 1 -4
13 -1
 1 127
 7 0
 1 12
 5 0
 1 -128
 1 -1
 1 32767
 1 -1024
 1 255
 9 0
 1 384
 1 32
 1 -30720
 1 8
 1 32
 3 0
 1 20224
 1 -2
 1 -1
 1 1151
 3 0
 1 -16
 1 2016
 4 0
 1 -16384
 7 -1
 1 5119
 1 992
 1 16
 2 0
 1 6
 3 0
 1 -32640
 1 3
 1 0
 1 -4096
 1 3
 4 0
 1 32
 1 4096
 6 0
 1 16128
 1 63
 7 0
 1 28
16 0
 1 -256
 9 -1
 1 -16353
 1 2047
 1 -64
 1 63
 3 0
 1 1
 1 -3889
 1 31
 1 8128
 1 -512
 1 -1
 1 63
 1 0
 1 -32
 1 -3297
 1 -1
 1 -257
 2 -1
 1 -7169
 2 -1
 1 2047
 1 -958
 3 -1
 1 7
 1 -32672
62 -1
 1 32767
 1 -256
17 -1
 1 -3712
 1 -1537
13 -1
 1 2047
 1 0
 1 992
 2 0
 1 -15360
 1 63
 1 -16
 1 -2041
 1 -4153
 9 -1
 1 8191
 1 -4096
 1 -5
 4 -1
 1 511
 1 -16
 1 2047
 3 0
 1 -16
 6 -1
 1 16383
 1 -8192
 1 4095
 1 -16
 1 -1
 1 63
 1 6
 1 -32768
 2 -1
 1 4095
 1 2172
 1 -8144
 1 -16
10 -1
 1 -12543
 2 -1
 1 -16353
 3 -1
 1 -32513
 2 -1
 1 -13
 1 -511
 1 8192
 2 0
 1 6144
 1 16368
 1 -16378
 7 -1
 1 -1024
 1 -1
 1 1
 1 -8192
 1 -1
 1 16383
 1 -36
10 -1
 1 -1025
 1 127
 7 0
 1 -112
 1 -959
 9 -1
 1 -2017
 1 -18429
 1 1
 1 -2034
 1 127
 2 0
 1 3184
 1 7680
 1 -256
 1 -1
 1 4095
 2 0
 1 -16384
 8 0
 1 -512
 1 127
 6 0
 1 -256
 1 31
 1 0
 1 -2
 1 -1
 1 31
 3 0
 1 8160
 4 0
 1 14336
15 0
 1 -24576
 1 -1
 1 511
 7 0
 1 4080
 1 -64
 1 -1
 1 63
18 0
 1 496
 1 2040
21 0
 1 -15616
 7 -1
 1 127
 8 0
 1 16352
 1 1008
29 0
 1 2046
13 0
 1 -64
12 -1
 1 -24577
 1 -253
 1 -1
 1 1
40 0
 1 512
 6 0
 1 -4
 6 -1
 1 15
 4 0
 1 128
 2 0
 1 312
32 0
 1 2688
12 0
 1 -1536
 7 -1
11 0
 1 -2
 1 -4097
 1 16271
 1 127
 7 0
 1 7936
 1 8190
 1 31
11 0
 1 48
 3 0
 1 -16
 1 -7
 1 3
12 0
 1 -2
11 -1
 1 511
 8 0
 1 768
 1 0
 1 31280
 1 -3568
 1 -32753
 1 1
13 0
 1 2048
14 0
 1 6
 1 -16384
 1 8191
 2 0
 1 1
 1 0
 1 -256
13 -1
 1 127
21 0
 1 4336
 1 -32768
19 0
 1 -4096
 1 3
 3 0
 1 -32768
 7 -1
 1 199
15 0
 1 -8
 1 1
18 0
 1 -13312
 1 30721
 9 0
 1 -256
 1 127
 6 0
 1 -128
 7 -1
 1 255
 1 2047
21 0
 1 56
31 0
 1 -512
 5 -1
 1 -3585
 1 6144
15 0
 1 8
 3 0
 1 3072
 1 2073
18 0
 1 16
 4 0
 1 1792
 8 0
 1 -32768
 8 -1
 1 4095
 1 -1504
 1 63
22 0
 1 -128
 3 0
 1 32256
17 0
 1 1024
 3 0
 1 24701
 1 -2
 1 7
 1 -16384
14 -1
 1 255
 9 0
 1 64
 3 0
 1 -512
 3 0
 1 1024
 1 -16378
 1 768
10 0
 1 -16
 3 0
 1 -7168
 1 -255
 1 31
10 0
 1 -32768
 6 -1
 1 127
19 0
 1 4
 6 0
 1 928
11 0
 1 -32752
 1 8207
 1 4095
 5 0
 1 -5124
 1 255
 7 0
 1 -164
 5 -1
 1 16383
10 0
 1 318
 1 4096
 1 0
 1 816
 1 114
 1 4117
 5 0
 1 -32288
 1 992
18 0
 1 -512
 1 7
 1 3968
 8 0
 1 -8192
 1 -1
 1 7
 1 0
17 -1
 4 0
 1 16136
32 0
 1 -14336
 1 511
 6 0
 1 -16
11 -1
 1 32767
24 0
 1 -128
 2 0
 1 -16384
 1 28
13 0
 1 504
 1 24320
 1 1148
 2 0
 1 16
 1 0
 1 -8
 7 -1
 1 -1793
 1 -1
 1 8191
 1 -7686
 1 32767
 1 0
 1 252
23 0
 1 1024
 7 0
 1 -4096
 1 -1
 1 19
 1 28
13 0
 1 -16
 7 -1
 1 480
 1 3
 5 0
 1 3584
 3 0
 1 3
 7 0
 1 28672
 1 4
 1 103
25 0
 1 80
 1 -128
 1 20707
 4 0
 1 -192
 6 -1
 1 135
 1 256
 1 1536
10 0
 1 32
15 0
 1 256
12 0
 1 6
13 0
 1 -16
13 -1
 1 8191
 1 0
 1 7
20 0
 1 120
 1 1024
 8 0
 1 4
 2 0
 1 -512
 1 31
11 0
 1 -8
 4 -1
 1 32767
 8 0
 1 14336
 1 16384
 1 384
14 0
 1 228
30 0
 1 -2048
12 -1
 1 1
 2 0
 1 -2048
 1 8191
 3 0
 1 -32768
 1 26
22 0
 1 768
14 0
 1 2
 2 0
 1 -2
12 -1
 1 8191
17 0
 1 8192
30 0
 1 -24
 5 -1
 1 991
 1 -4096
 1 -1
 1 4095
17 0
 1 96
13 0
 1 32736
13 0
 1 -256
 1 -1921
 1 1
 1 -7680
 1 127
 2 0
 1 -32
 7 -1
 1 32767
 1 8192
 1 30
30 0
 1 -1024
 4 0
 1 512
 1 4096
14 0
 1 -2048
 7 -1
 1 16383
 1 9
53 0
 1 -128
 6 -1
 1 15
 7 0
 1 -4093
 1 -385
 1 -1
 1 7
13 0
 1 8190
 1 -1056
 1 48
21 0
 1 14336
 1 10232
 1 14
 3 0
 1 -16384
 7 -1
 1 8191
19 0
 1 12032
 1 227
13 0
 1 8064
 4 0
 1 16384
 2 0
 1 32640
 1 -16257
 1 1
 2 0
 1 240
 1 2032
 1 -510
 1 4032
 3 0
 1 -7808
14 -1
 1 3
 1 -32768
 1 31
 7 0
 1 2044
 1 1
13 0
 1 384
 1 0
 1 -10240
 1 -1509
 1 -1017
 1 32767
 5 0
 1 6
12 0
 1 -3
 5 -1
 1 7
30 0
 1 896
15 0
 1 -1
 1 195
 7 0
 1 -16
 6 -1
 1 15
12 0
 1 320
 1 1
 3 0
 1 64
 7 0
 1 -8
 1 3
 1 268
25 0
 1 -32768
 1 -16
 6 -1
 1 511
27 0
 1 16
 1 0
 1 510
 2 0
 1 -64
 1 15
 1 0
 1 -4096
 2 -1
 1 33
 1 0
 1 15360
 1 24605
 1 4
 1 32740
 1 -64
 1 63
 9 0
 1 1024
 1 -4
 5 -1
 1 16383
 1 8064
 2 0
 1 1020
 2 0
 1 15360
 5 0
 1 -4096
 1 9215
19 0
 1 -256
 1 3
 2 0
 1 2047
 1 0
 1 -16384
 1 255
12 0
 1 -1024
 6 -1
 1 4095
 1 64
29 0
 1 -512
 1 -1
 1 16383
 4 0
 1 -128
 1 255
 1 0
 1 -16
 1 -1
 1 255
12 0
 1 -16384
 7 -1
 1 16383
27 0
 1 -32768
 1 503
 4 0
 1 1792
11 0
 1 4
 1 1
 7 0
 1 -1024
13 -1
 1 15
26 0
 1 16128
 1 -2
 2 -1
 1 7
16 0
 1 8192
15 -1
 1 32580
 1 1
 1 32
14 0
 1 768
10 0
 1 1036
 1 -12
 1 4095
 1 1920
 9 0
 1 16384
 4 0
 1 -2048
 7 -1
 1 255
 7 0
 1 16112
 1 0
 1 3984
 1 0
 1 4
 1 0
 1 -8192
 1 16396
 1 7
20 0
 1 128
 2 0
 1 -32
 1 -1
 1 4095
 5 0
 1 -8096
 1 3
 5 0
 1 18432
 1 -1018
 6 -1
 1 4095
 7 0
 1 -1024
 1 32767
 8 0
 1 -4096
 1 15
26 0
 1 256
 1 -8192
 1 255
 3 0
 1 -32768
 1 385
 1 1792
 1 -4
13 -1
 1 16383
 3 0
 1 32640
 2 0
 1 4
14 0
 1 64
 1 32
 2 0
 1 -512
 1 15
 7 0
 1 8220
 1 4879
 6 0
 1 64
 5 0
 1 -8
 6 -1
 1 3
27 0
 1 -447
 1 32767
 2 0
 1 -4096
 1 32767
 1 0
 1 65
 1 14
 1 8
 1 0
 1 -26368
 1 15
10 0
 1 -256
 1 30719
 1 -128
 1 -32767
 6 -1
 1 2047
25 0
 1 15872
 1 993
 1 14336
 1 252
 1 2016
14 0
 1 24576
 3 0
 1 -16
 1 1023
 1 -1024
 1 7
 3 0
 1 -64
 7 -1
 1 119
 1 4
 1 0
 1 -32768
 1 241
 1 -64
 1 31
14 0
 1 -1536
 1 -16345
 1 1055
19 0
 1 -256
 1 1
10 0
 1 13280
11 -1
 1 32767
 6 0
 1 -256
 1 224
27 0
 1 -16
 1 8191
 2 0
 1 -32768
 1 4
 1 1792
 2 0
 1 -32768
 1 15
 3 0
 1 12288
 6 -1
 1 32767
 1 -3597
 2 0
 1 1022
40 0
 1 56
 4 0
 1 1
 4 0
 1 -32768
 1 -3841
 6 -1
 1 2051
 1 1
12 0
 1 16384
38 0
 1 -1536
 1 127
 1 3840
 1 -64
12 -1
 1 31
16 0
 1 16384
 5 0
 1 16384
 1 20478
 1 4
11 0
 1 -4096
 3 -1
 1 16383
 4 0
 1 256
 3 0
 1 -2052
 5 -1
 1 24585
 1 4096
17 0
 1 17932
 1 -96
 1 -511
 1 7
 1 4096
 1 -4
 1 3119
13 0
 1 25472
 5 0
 1 2012
 2 0
 1 -8
 1 16383
 5 0
 1 -8192
 6 -1
 1 32767
 2 0
 1 31488
 6 0
 1 8192
 7 0
 1 8
 1 0
 1 16352
 7 0
 1 -16384
 1 6
 5 0
 1 -8192
 1 -15751
 1 1
 1 0
 1 120
 7 0
 1 60
 8 0
 1 -16384
 9 -1
 1 499
 6 0
 1 8
 9 0
 1 -512
 1 15
 6 0
 1 8
11 0
 1 8192
14 0
 1 -80
12 -1
 1 16383
10 0
 1 400
 1 0
 1 -254
 1 -1
 1 3
 7 0
 1 -8096
 1 2047
13 0
 1 6144
 7 0
 1 -128
11 -1
 1 511
10 0
 1 8192
10 0
 1 4
 1 0
 1 -32768
 1 1
23 0
 1 -128
 1 4095
 3 0
 1 -64
 7 -1
 1 127
 1 0
 1 -32768
 1 -113
 8 0
 1 -2048
 1 -1
 1 2047
40 0
 1 -2
14 -1
 1 32767
15 0
 1 -1408
 1 1025
12 0
 1 960
 6 0
 1 -32768
 1 1
 9 0
 1 -2
 7 -1
 1 31
 1 0
 1 4
30 0
 1 -16384
 1 32767
 5 0
 1 -16384
 1 31
12 0
 1 -256
 6 -1
 1 1023
 9 0
 1 256
20 0
 1 16384
 1 15
 1 0
 1 512
18 0
 1 -64
 1 9
 1 -16
14 -1
 1 1
24 0
 1 512
22 0
 1 -1024
 6 -1
 1 2079
20 0
 1 12
20 0
 1 -1984
 1 63
 6 0
 1 -994
 1 15
 2 0
 1 248
 1 -64
 8 -1
 1 143
10 0
 1 -32768
 1 63
19 0
 1 -27648
 1 255
19 0
 1 -2048
 7 -1
 1 2047
82 0
 1 28672
20 0
 1 128
 7 0
 1 14336
 4 0
 1 -32768
 6 -1
 1 1023
 6 0
 1 -64
 1 -1
 1 959
12 0
 1 6398
13 0
 1 -8192
 1 1
 1 0
 1 -16384
 1 13185
 2 0
 1 -1024
 1 15
11 0
 1 -64
13 -1
 1 63
 1 0
 1 -2
 1 7
 5 0
 1 -16384
 1 39
 1 -14496
 1 64
 2 0
 1 512
 1 56
 1 2048
 1 17
 8 0
 1 16382
 1 0
 1 56
 1 4088
10 0
 1 4
 7 0
 1 -64
12 -1
 1 32767
 4 0
 1 -4096
 1 7
 1 0
 1 -16384
 1 1
14 0
 1 -60
 1 15
 4 0
 1 -8190
 1 -1
 1 1023
 2 0
 1 2032
 5 0
 1 -64
 1 -1
 1 -2047
 1 15
 3 0
 1 7168
 1 -4
 7 -1
 1 32527
 1 15
12 0
 1 -16384
 1 15
19 0
 1 28
 3 0
 1 2
14 0
 1 30720
 1 -26624
 6 -1
 1 127
13 0
 1 -16384
 1 -1
 1 1055
 1 6
 3 0
 1 -122
 1 -1
 1 32767
 1 8130
19 0
 1 16
 1 16320
 1 96
 7 0
 1 4096
 1 -4
 7 -1
 1 127
17 0
 1 -32768
 1 7737
 2 0
 1 32
 1 192
 5 0
 1 448
 1 -256
 1 -1
 1 32767
 8 0
 1 126
 2 0
 1 -256
 1 20479
 5 0
 1 11776
 1 31
 1 -256
 1 191
 1 -2
 7 -1
 1 15
 1 96
10 0
 1 -16384
 1 15
13 0
 1 -16384
 1 16352
 1 0
 1 14336
 1 28416
 1 -16
 1 47
 8 0
 1 -16384
 1 6
 1 -30720
 1 7
 8 0
 1 -4096
12 -1
 1 16383
 1 -4
 1 7
11 0
 1 -14272
 1 -953
 1 511
 4 0
 1 -64
 1 3
 4 0
 1 16
 8 0
 1 16128
 7 0
 1 1088
 1 1032
 2 0
 1 24576
 1 7
 1 -8
 7 -1
 1 16895
 1 -1792
 1 -1
 1 127
 1 769
 6 0
 1 512
43 0
 1 -2
 7 -1
 1 511
16 0
 1 -3072
 1 3
15 0
 1 896
19 0
 1 -512
11 -1
 1 63
12 0
 1 -16384
 1 -32720
 1 1
13 0
 1 8191
 1 -8194
 1 -32760
 8 0
 1 -4096
 1 6143
 8 0
 1 -1024
 6 -1
 1 255
 7 0
 1 4096
 1 -224
 1 -97
 5 0
 1 -8192
 1 -125
 1 -55
 1 16383
 4 0
 1 512
 1 -4
 1 -32761
 1 7939
11 0
 1 -32768
 1 63
 2 0
 1 3968
 1 1136
 6 0
 1 -256
 1 271
 2 0
 1 16384
 6 -1
 1 16383
 1 24578
 1 -903
 1 -32641
 1 -16384
 1 2045
 6 0
 1 16384
 1 -32
 1 63
 1 0
 1 17280
 4 0
 1 -64
 1 16255
 1 16415
15 0
 1 112
 1 0
 1 -64
 1 -8249
 1 -29
 1 -1
 1 -241
 1 3
 1 -64
 1 -1021
 1 -1
 1 127
 1 24
 5 0
 1 -4
11 -1
 1 16383
21 0
 1 -20480
 1 7
 2 0
 1 -7712
 1 -1
 1 1
21 0
 1 -272
14 -1
 1 255
 5 0
 1 1024
 8 0
 1 -2048
 1 1
24 0
 1 128
 6 0
 1 -32
 6 -1
 1 4207
 1 3
 6 0
 1 -4096
 1 33
15 0
 1 -32
 1 -13
28 0
 1 -64
 8 -1
 1 6656
 1 992
 1 -28673
 1 0
 1 4608
 3 0
 1 16384
 1 12228
 1 0
 1 2040
 1 -26624
 1 -61
 1 -16381
 1 -8048
 1 27
 4 0
 1 1
 2 0
 1 128
 8 0
 1 -32768
11 0
 1 -64
 1 3
 1 8184
 6 0
 1 -128
 7 -1
 1 1
13 0
 1 16380
 1 -63
 1 0
 1 510
20 0
 1 2304
 1 8188
 1 384
13 0
 1 -104
13 -1
 1 7
 3 0
 1 -512
 1 49
 1 -32768
 1 255
 1 -256
 1 611
 5 0
 1 15
 6 0
 1 10208
 1 -386
 1 3
 3 0
 1 4096
 2 0
 1 16430
14 0
 1 502
 3 0
 1 -64
 5 -1
 1 255
11 0
 1 448
 1 0
 1 7680
 3 0
 1 -2048
 3 -1
 1 15
11 0
 1 -31744
 6 -1
 1 127
13 0
 1 -128
14 -1
 1 8191
 1 16
 1 0
 1 28672
 1 256
 5 0
 1 -4096
 1 79
35 0
 1 -28680
 6 -1
 1 8191
 1 15361
 2 0
 1 -6656
 1 -255
 1 7
38 0
 1 32
 2 0
 1 -16384
 2 0
 1 2048
 4 0
 1 -1024
11 -1
 1 1023
 3 0
 1 -4096
 1 2047
11 0
 1 19456
 1 -1
 1 63
 8 0
 1 32
17 0
 1 -32768
 1 1
 1 24
 1 2046
 1 -256
 7 -1
 1 4095
 1 0
 1 -512
 1 8135
 5 0
 1 24576
 1 8
 8 0
 1 784
 2 -32768
 1 15359
16 0
 1 16384
 1 24
 5 0
 1 8192
 1 1
 1 -32768
 1 3
 5 0
 1 -512
 7 -1
 1 511
 1 1536
12 0
 1 -16
 1 -32768
 1 12799
 1 16384
 1 -3844
 3 0
 1 -24608
 2 -1
 1 -1537
 1 511
12 0
 1 -32768
 1 -125
 1 8191
 1 0
 1 18432
10 0
 1 -2048
 8 -1
 1 8191
 4 0
 1 16128
 8 0
 1 -2
 1 63
 5 0
 1 -128
 1 255
 5 0
 1 8192
 2 0
 1 16384
 1 192
17 0
 1 -8192
 1 7
 1 0
 1 -16384
 7 -1
 1 4097
11 0
 1 4032
 5 0
 1 2048
24 0
 1 24800
 3 0
 1 3072
 8 0
 1 -128
13 -1
 1 1
 2 0
 1 -14336
 1 1
17 0
 1 -256
 1 16
17 0
 1 4352
 6 0
 1 -30720
 6 -1
 1 2063
 1 192
 1 2046
 1 96
 5 0
 1 -16384
 1 15
 1 2
 8 0
 1 -32
 4 0
 1 14210
 8 0
 1 -16384
 1 95
 5 0
 1 -24577
 1 30751
 1 0
 1 8
10 0
 1 6144
 7 -1
 1 511
 3 0
 1 64
12 0
 1 -512
 1 15
 3 0
 1 16
16 0
 1 16384
 1 2
14 0
 6 -1
 1 16383
 1 0
 1 32512
 1 -896
 1 31
31 0
 1 8
 5 0
 1 8065
 1 -32768
 1 32767
 3 0
 1 8447
 9 0
 1 -64
 6 -1
 1 4127
 1 28
 1 0
 1 2
 5 0
 1 3132
 1 0
 1 768
 8 0
 1 16384
19 0
 1 768
 3 -1
 1 8191
 2 0
 1 -32768
 1 -1
 1 32767
 1 -20
 1 -49
 1 -1
 1 -14337
 8 -1
 1 8191
18 0
 1 27648
 1 3
33 0
 1 -512
 7 -1
 1 -31737
 1 -449
 1 -1
 1 127
 1 0
 1 -32
 1 0
 1 1072
 6 0
 1 -256
 1 451
13 0
 1 16388
 1 -1
 1 -8193
 1 -1
 1 511
21 0
 1 -48
12 -1
 1 2047
 2 0
 1 505
 3 0
 1 1024
 1 1023
 5 0
 1 -32768
 1 -32705
 1 2047
 1 8188
12 0
 1 512
18 0
 1 -4096
13 -1
 1 7
21 0
 1 32706
 1 -64
 1 32767
 1 3040
 1 0
 1 -1
 1 0
 1 12
 7 0
 1 -16384
 1 3
 2 0
 1 4096
 1 -4096
 1 143
 1 -16384
 1 -1025
 1 127
 2 0
 1 -8192
 1 -63
 6 -1
 1 2047
22 0
 1 -32768
 1 -8192
 3 0
 1 16128
10 0
 1 8192
 1 -3903
 1 1
 3 0
 1 -4
 1 -16383
 1 -2047
 1 2047
 1 31160
 4 0
 1 -16
 9 -1
 1 1023
11 0
 1 1
28 0
 1 768
11 0
 1 -128
13 -1
 1 63
15 0
 1 12
 4 0
 1 -512
 1 5120
24 0
 1 16
 1 -16384
 7 -1
 1 8183
14 0
 1 4
 8 0
 1 -32768
 1 -224
 1 4094
 2 0
 1 2044
 1 -252
 1 15
 1 0
 1 -32512
 1 7
11 0
 1 -8
 2 0
 1 -8
 1 31
 4 0
 1 -2
 6 -1
 1 3
11 0
 1 4096
 1 2046
 6 0
 1 2048
 5 0
 1 1984
 1 -24
 1 16377
 1 8
25 0
 1 -2048
 7 -1
 1 -30721
13 0
 1 -32768
 1 251
 3 0
 1 -32768
 1 126
23 0
 1 -32768
 1 -29
 1 8191
 8 0
 1 -256
12 -1
 1 10239
23 0
 1 -2048
 1 -8177
 4 0
 1 -1024
 1 511
17 0
 1 -1024
 6 -1
 1 511
14 0
 1 4096
 1 -8
 1 -15361
 1 8088
22 0
 1 8192
 1 1023
 8 0
 1 4
 3 0
 1 -4096
 9 -1
 1 305
12 0
 1 -3872
 1 30799
 3 0
 1 256
 1 0
 1 -6
 1 32257
 1 254
10 0
 1 -320
 1 -1
 1 32767
 1 0
 1 32704
16 0
 1 -8
12 -1
 1 127
17 0
 1 -32768
 1 15
 1 -104
 1 -2045
 1 783
10 0
 1 -32768
 1 1639
 6 0
 1 3584
 7 0
 1 -32
 6 -1
 1 63
16 0
 1 -4096
 1 1
15 0
 1 -32768
 1 3
 4 0
 1 -1024
 1 -13
 1 -57
 1 32767
 6 0
 1 8196
 1 0
 1 -54
 1 -7175
 1 15
 1 -896
 7 -1
 1 1
 5 0
 1 -32768
 4 0
 1 28672
16 0
 1 6400
 1 3968
 9 0
 1 -16384
 1 1023
10 0
 1 -1024
 3 0
 1 -256
 7 -1
 1 511
13 0
 1 -16384
 1 15
21 0
 1 142
 5 0
 1 -16
 1 63
 1 0
 1 800
 5 0
 1 1936
 1 0
 1 -16
15 -1
 1 1
 1 6
 1 16384
 1 -1540
 1 -1009
 1 255
 9 0
 1 30
 7 0
 1 248
 1 0
 1 -8192
 5 0
 1 -2048
 1 63
14 0
 1 -32
 7 -1
 9 0
 1 -32768
 1 -1753
 1 3
 1 -8192
 1 127
13 0
 1 12288
 3 0
 1 -16384
 1 -1023
 1 -1
 3 0
 1 384
17 0
 1 -8
 6 -1
10 0
 1 -24
 1 -241
 1 -1
 1 255
11 0
 1 -16384
 1 -385
 1 125
19 0
 1 -4
 1 15
 6 0
 1 -256
13 -1
 1 19
 7 0
 1 1019
 1 4096
 5 0
 1 1
 8 0
 1 4600
 6 0
 1 -8192
 1 1
 4 0
 1 32256
11 0
 1 -8
 6 -1
 1 8191
 2 0
 1 8191
 1 32696
 3 0
 1 960
17 0
 1 -12800
 1 -7
 1 511
 3 0
 1 512
11 0
 1 -128
 1 9279
 1 0
 1 -2112
 1 1
 6 0
 1 -928
 7 -1
 1 3
18 0
 1 -256
 1 31
 1 0
 1 198
 1 -1024
 1 -32766
 1 -799
 1 2047
12 0
 1 -8192
 1 31
12 0
 1 28928
 1 -10240
13 -1
 1 63
 5 0
 1 48
10 0
 1 -256
 1 -1
 1 -15745
 1 15
 1 0
 1 6144
 1 -4104
 1 -9
 1 1799
23 0
 1 -32384
 6 -1
 1 16385
20 0
 1 4160
 2 0
 1 -2
 1 24561
 1 36
19 0
 1 -29184
 1 1022
 7 0
 1 12288
 6 -1
 1 8191
15 0
 1 60
 1 -128
 1 31
 5 0
 1 -16384
 1 56
 1 0
 1 8192
 1 -96
 6 0
 1 -64
 9 0
 1 -16384
 3 -1
 4 0
 1 -512
 1 7
 1 -32768
 1 -512
 7 -1
 6 0
 1 -32768
 1 15
 6 0
 1 -6088
 1 4095
 4 0
 1 4096
 1 -384
 1 31
24 0
 1 6528
 1 504
 1 0
 1 60
 1 192
 1 -8
 1 -1
 6 0
 1 -12288
 1 -32768
 1 1
 2 0
 1 -256
 1 7
21 0
 1 8256
 1 73
 5 0
 1 96
 3 0
 1 -64
 1 -385
 1 8304
 1 1023
 4 0
 1 4064
 5 0
 1 -8064
 1 3
 2 0
 1 -2000
 7 -1
 1 1
19 0
 1 16
24 0
 1 -32768
 1 472
 1 512
 6 0
 1 -256
 7 -1
 1 511
51 0
 1 7
 2 0
 1 -64
 6 -1
 1 63
15 0
 1 24576
 1 0
 1 64
11 0
 1 -16384
 1 1
22 0
 1 16384
 1 -14
 7 -1
 1 1
17 0
 1 4096
 1 1796
 1 -128
 1 9087
 1 -32767
 1 448
 1 -14339
 1 0
 1 -2048
 1 63
 5 0
 1 2048
 1 1008
 1 8191
14 0
 1 4
 4 0
 1 -14
 7 -1
 1 16383
13 0
 1 -32768
 1 8
 6 0
 1 1024
 1 2048
 1 4094
30 0
 1 -2
 6 -1
 1 255
21 0
 1 128
 6 0
 1 256
13 0
 1 -512
 1 15
10 0
 1 -6
12 -1
 1 7
11 0
 1 392
 2 0
 1 -8192
 1 31
 1 -32729
 1 3
 6 0
 1 -4096
 1 7
 3 0
 1 240
 1 -64
 1 -177
 1 3
 8 0
 1 128
 6 0
 1 -256
13 -1
 1 4095
 8 0
 1 608
 4 0
 1 31872
 2 -1
 1 -349
 1 127
 1 -16384
 1 127
 5 0
 1 960
 1 4096
 1 -2048
 1 2303
 6 0
 1 -32768
 1 1023
 4 0
 1 64
 6 0
 1 -32768
 6 -1
 1 8191
 3 0
 1 -16
 1 32767
 1 -24584
 1 -226
 1 6151
 6 0
 1 32
 1 0
 1 128
 1 -7936
 1 2047
14 0
 1 -112
20 0
 1 -32768
 6 -1
 1 2047
19 0
 1 -32256
 1 4039
22 0
 1 -1024
 1 1
 1 -16384
 1 1
 8 0
 1 -16
12 -1
 1 2047
 1 8192
38 0
 1 24
 1 0
 1 2
 6 0
 1 -32
14 -1
 1 17
12 0
 1 32000
 1 96
21 0
 1 31104
 1 32736
 2 0
 1 6656
 7 0
15 -1
19 0
 1 31236
 4 0
 1 -29696
 1 7
11 0
 1 -8192
 1 48
 2 0
 1 -8192
 1 32767
 1 3584
 4 0
 1 -512
12 -1
 1 63
 1 28
 4 0
 1 480
 1 -2048
 1 -1
 1 0
 1 1
 5 0
 1 6144
20 0
 1 100
 7 0
 1 16224
 1 8
 1 16480
 1 -2048
14 -1
 1 14335
 2 0
 1 -8704
 1 63
 1 1016
 7 0
 1 248
 1 -8192
 1 961
 3 0
 1 128
 7 0
 1 1568
 9 0
 1 80
 1 0
 1 6368
 4 0
 1 8316
 4 0
 1 -14855
 7 -1
 1 16383
 1 1
 8 0
 1 4096
 1 0
 1 -26624
 1 15
 1 0
 1 12288
 1 7296
 2 0
 1 -8192
 1 127
 1 0
 1 12
 1 8
29 0
 1 -16384
 8 -1
 1 -7681
 1 3
 9 0
 1 -16384
 2 0
 1 -2036
 1 7
11 0
 1 -16384
13 0
 1 8160
12 0
 1 -1024
 1 -1
 1 15
 1 -60
 4 -1
 1 -14351
 1 28
36 0
 1 -32
 1 -57
 1 -121
 1 -1
 1 -24801
 1 504
 2 0
 1 58
 2 0
 1 255
 5 0
 1 -16384
15 -1
 1 1
 1 0
 1 -256
 1 127
 1 -2
 1 7
 3 0
 1 8192
 2 0
 1 32767
 1 -4
 1 0
 1 -8192
 1 30975
 1 28
 5 0
 1 -1024
 1 31
21 0
 1 -128
 6 -1
 1 16383
 1 0
 1 128
 1 14
 5 0
 1 1984
 1 12
 2 0
 1 224
 7 0
 1 1
 1 30
 1 0
 1 -56
 1 32767
 1 -12257
 1 31
10 0
 1 1984
 7 0
 1 -15872
 1 97
 1 0
 1 -16368
 1 7
 1 -16
 4 0
 1 -26368
 1 -8
11 -1
 1 -3073
 1 1
 1 12288
 6 0
 1 510
 4 0
 1 -32768
 1 63
18 0
 1 16256
 1 24
 1 0
 1 -1024
 1 2047
 5 0
 1 -24704
 1 3
 1 0
 1 17408
 1 4088
 1 -64
13 -1
 1 31
 6 0
 1 -4096
 1 16383
 5 0
 1 -32768
 2 0
 1 -4
 1 31
28 0
 1 16382
 1 0
15 -1
 1 10239
 5 0
 1 24064
 1 31
 5 0
 1 -384
 1 4223
 1 0
 1 -32768
 1 2552
 1 -16384
 8 0
 1 -961
 1 -1
 1 1
11 0
 1 8192
 6 0
 1 -4
 6 -1
 1 3
 3 0
 1 -28674
 1 1039
 9 0
 1 -256
 1 2047
11 0
 1 -128
 1 8191
 1 -32642
 1 -1
 1 255
10 0
 1 -2
 1 -32
 1 639
 6 0
 1 4080
 1 24
 1 -7168
 7 -1
 1 32767
 6 0
 1 896
 1 15360
 1 -4
 1 15
16 0
 1 14
 1 960
 7 0
 1 8
 6 0
 1 15360
 1 -768
 1 3
 1 -12296
 1 31231
 1 -31792
 1 2047
 5 0
 1 -3072
 6 -1
 1 31
12 0
 1 -32
 4 -1
 1 8445
 1 6207
 1 16320
 1 -31744
 1 -8
 1 -385
 1 512
 5 0
 1 6144
23 0
 1 -8192
 1 -257
 8 -1
 1 -24577
 1 0
 1 -3585
 1 4095
 5 0
 1 64
 1 0
 1 -16384
10 0
 1 3
31 0
 1 -4
12 -1
 1 1023
 1 8
 2 0
 1 248
 4 0
 1 6144
19 0
 1 3192
 6 0
 1 4864
 3 0
 1 512
 1 -961
 1 -1
 1 1
 6 0
 1 -6
13 -1
 1 4095
 1 56
 1 3072
 1 1
 7 0
 1 -16320
 1 7
 8 0
 1 -3584
 1 -1
 1 127
 1 -256
 1 512
 1 -6144
 1 -385
 1 51
19 0
 1 -24
 6 -1
 1 8191
 1 0
 1 -6
 1 4
18 0
 1 16384
 1 -3584
 1 63
 1 480
15 0
 1 450
14 0
 1 -16
 6 -1
 1 63
 1 0
 1 -32
 1 3103
 7 0
 1 -32768
 1 -8
 1 -1
 1 -32513
 1 -32
 1 -1
 1 15
 1 14336
 1 0
 1 -128
 1 8191
 1 -64
 1 511
 3 0
 1 1022
 1 2446
 3 0
 1 2044
 1 -3968
 1 16383
12 0
 1 4096
 1 -1796
 1 8191
 1 -1024
 1 61
 4 0
 1 -8
 5 -1
 1 8191
 1 0
 1 -128
 1 -32767
 1 1
32 0
 1 4064
 1 16384
 1 12
 1 15424
 1 -32768
 1 255
 1 16320
12 0
 1 -64
 6 -1
 1 -241
 1 -32611
 1 487
 3 0
 1 -512
 1 31
 1 -28676
 1 79
17 0
 1 2048
 1 24064
 1 0
 1 -10776
 1 1
24 0
 1 -48
 1 32767
 4 -1
 1 -3073
 4 0
 1 -16
 1 -961
 1 513
11 0
 1 128
 4 0
 1 -8
 1 62
 3 0
 1 7712
 2 0
 1 32
 3 0
 1 -4096
 1 7
 1 127
 1 2291
 1 96
 2 0
 1 16128
 1 0
 1 2048
10 0
13 -1
 1 -65
 1 483
 1 16
 1 32256
 3 0
 1 -8320
 1 -1
 1 1
 5 0
 1 -8161
 1 -15303
 2 -1
 1 1
 8 0
 1 -8
 1 7
 1 7936
 1 0
 1 3072
16 0
 1 -4096
13 -1
 1 7711
32 0
 1 -14336
 1 1023
 1 -30752
 1 -1
 1 63
 2 0
 1 31748
 1 8200
 2 0
 1 -2048
 1 195
 3 0
 1 -6272
 6 -1
 1 127
15 0
 1 -8
 1 511
16 0
 1 14336
 3 0
 1 -16384
 1 31
15 0
 1 -16384
 1 -24577
 1 -1
 1 -1793
 3 -1
 1 1023
 1 -3
 1 1855
 1 8
 7 0
 1 8192
 1 0
 1 3072
14 0
 1 -12
 1 -897
 1 -1
 1 1
 5 0
 1 -32768
 1 15487
16 0
 1 -20480
 1 -57
12 -1
 1 -513
 1 127
 4 0
 1 3712
 1 28672
 1 0
 1 208
14 0
 1 -32384
 1 -12
 1 16383
 1 2
 5 0
 1 304
 1 1
13 0
 1 256
 1 0
 9 -1
 1 -7169
 1 511
 6 0
 1 1
 3 0
 1 517
 1 57
 1 900
18 0
 1 -64
 1 -1
 1 15
 2 0
 1 3
 4 0
 1 112
 4 0
 1 48
 1 -256
 1 127
 2 0
 1 -3904
 6 -1
 1 -8
 1 3
11 0
 1 -16384
 1 16383
 7 0
 1 -15360
 3 -1
 2 0
 1 656
 1 -32
 1 15
 4 0
 1 -32768
 1 -921
 1 1151
 5 0
 1 -8192
 1 -1
 1 14
 9 0
 1 -32768
 1 -7
 8 -1
 1 2081
 9 0
 1 -31744
 1 -15
 1 19
28 0
 1 12288
 6 0
 1 40
 1 0
 1 968
 2 0
 1 -2
13 -1
 1 7
17 0
 1 2307
 1 0
 1 12800
 1 16384
 6 0
 1 5056
 1 -8
 1 255
 3 0
 1 -1020
 1 1
13 0
 1 -16
 7 -1
 1 4095
 3 0
 1 960
11 0
 1 1792
23 0
 1 -25724
 1 -7296
 1 63
 1 2
 1 0
 1 16
 1 -2048
 1 1
 1 3072
 5 0
 1 -3072
 6 -1
 1 2047
 1 0
 1 -128
 1 -1
 1 95
 4 0
 1 8
 3 0
 1 -2
 1 16383
14 0
 1 -392
 1 1023
 6 0
 1 -4
 1 8128
 5 0
 1 -4096
 1 25631
 2 0
 2 -1
 1 255
 5 0
 1 -255
12 -1
 1 -128
 1 -1857
 1 -113
 1 -1
 1 63
 3 0
 1 14336
 1 2048
 8 0
 1 8160
 1 384
 6 0
 1 -8224
 1 -32768
 3 0
 1 64
 1 0
 1 32
 1 0
 1 2040
 1 2
 1 -2048
 1 -49
 2 -1
 1 39
 3 0
 1 2046
 3 0
 1 -256
 6 -1
 1 -3841
 1 16383
10 0
 1 1848
 1 0
 1 -2048
 1 255
 1 -28672
 1 1023
10 0
 1 -16384
 1 15
 9 0
 1 30720
 1 16
 1 -897
 1 1
11 0
 1 98
 1 0
 1 -16384
 1 -241
 4 -1
 1 16383
 1 4090
 5 0
 1 16382
31 0
 1 8162
 1 4095
 3 0
 1 2044
 1 32736
 7 0
 1 -4
 1 -1
 1 -15
 7 -1
 1 1023
 1 -32768
 3 0
 1 -16384
 1 14338
 1 126
17 0
 1 -768
 1 -1
 1 255
 2 0
 1 -32
 1 8191
 1 32652
 4 0
 1 8192
 1 1
 6 0
 1 16320
 1 16381
 8 0
 1 -3072
12 -1
 1 127
 1 960
 1 -16512
 1 1
 2 0
 1 -1024
 1 31
18 0
 1 64
11 0
 1 -2
 1 16391
 1 12288
 1 16
 4 0
 1 -14336
 1 16463
 1 -32
 1 -897
 1 -31
 6 -1
 1 2047
 1 160
 7 0
 1 896
 1 8191
 1 -4
 1 99
 2 0
 1 64
 3 0
 1 -32768
 1 -2
 1 19
 1 -4076
 1 707
 1 -4
 1 927
 1 32640
 7 0
 1 -32
 1 16127
 3 0
 1 16384
 9 0
 1 -256
 1 -1
 1 7168
 1 96
 1 0
 1 16383
 7 -1
 1 31
 8 0
 1 3584
 4 0
 1 -32768
 1 519
 1 8128
 1 2
 1 1024
 1 -96
 1 4095
 9 0
 1 -1744
 1 1
 4 0
 1 28672
 7 0
 1 768
 7 0
 1 4160
 3 0
 1 -1024
11 -1
 1 1023
 1 3072
 1 6112
22 0
 1 -256
 2 -1
 1 15
12 0
 1 -4096
 1 696
 6 0
 1 7936
 1 -25
 6 -1
 1 255
11 0
 1 32
 1 3872
 3 0
 1 16272
 1 -128
 1 127
 1 0
 1 -4096
 1 8067
 1 2032
18 0
 1 -256
 1 -1
 1 207
 1 -16
 1 -1
 1 7
 8 0
 7 -1
 1 1023
21 0
 1 -2048
 1 1023
 1 -256
 1 8703
 1 2047
 1 0
 1 31264
 1 -8177
 1 7
 7 0
 1 8192
12 0
 1 4068
 4 0
 1 -8
12 -1
 1 1
19 0
 1 -2046
 1 -1
 1 32767
 6 0
 1 -256
 7 0
 1 32703
 1 2040
 1 16384
 1 24576
 1 0
 1 16384
 1 63
 5 0
 1 -32768
 1 -2
 6 -1
 1 8447
 5 0
 1 -1
 1 63
14 0
 1 -1024
 1 255
 1 0
 1 8248
 1 -52
 2 -1
 1 15
 3 0
 1 -256
 1 -1
 1 15
 1 1815
 3 0
 1 -16384
 1 -8192
 1 8191
 1 0
 1 -64
 1 4095
 9 0
 1 -128
 6 -1
 1 -16385
 1 -1489
 6 0
 1 -25056
 1 19
 1 0
 1 8064
 6 0
 1 -32768
 1 351
 1 8160
 1 36
 3 0
 1 8
23 0
 1 60
 5 0
 1 -32768
 1 -9
 6 -1
 1 4351
27 0
 1 -219
 1 0
 1 8192
 1 -1
 1 7
20 0
 1 7
 1 -256
 1 -1
 1 12543
 1 -1024
 1 1023
 1 2240
 2 0
 1 5888
18 0
 1 16
 3 0
 1 -2016
 1 4095
22 0
 1 -1024
 1 8065
 6 0
 1 -256
 7 -1
 1 -13313
 1 31
 1 -20
 1 1023
 5 0
 1 128
 6 0
 1 -4096
 1 319
 1 1023
 1 0
 1 -2048
 1 3
 8 0
 1 -1
 1 3
 1 0
 1 -32768
 1 0
 1 -8192
 1 255
10 0
 1 -32768
 1 16383
 1 0
 1 100
 4 0
14 -1
 1 63
12 0
 1 -32768
 1 -1
 1 15
 3 0
 1 -32000
 1 1991
 2 -1
 1 -800
 1 1055
 1 3975
 1 -500
 1 17935
 5 0
 1 -2048
 1 -1
 1 16895
 1 8179
 1 3910
 1 0
 1 25600
 1 16360
 1 1534
 1 0
 1 1536
 4 0
 1 -22
 6 -1
 1 1
16 0
 1 -16384
 1 0
 1 -256
 1 8199
 1 0
 1 128
 1 4352
 1 -8189
 1 -1
 1 3
13 0
 1 -128
 1 1
 1 4080
 1 0
 1 512
11 0
 1 -256
13 -1
 1 7
 1 0
 1 16320
 8 0
 1 16384
 1 24576
10 0
 1 -512
16 0
 1 993
 4 0
 1 128
 2 0
 1 -4096
12 -1
 1 -417
 1 1023
 1 -32768
 1 4095
10 0
 1 -64
 3 -1
 1 255
21 0
 1 3456
 1 -32760
 1 27
 1 0
 1 -48
 1 16383
 1 -1
 1 1023
 1 0
 1 -8192
 1 -8
 5 -1
 1 1023
 1 -32768
 1 3
 1 -2048
 1 31
 1 0
 1 -8192
 1 -32705
 1 15
 1 14
 4 0
 1 20480
 1 16382
 1 4624
 1 6
 5 0
 1 12
 5 0
 1 -1536
 1 -1
 1 32767
16 0
 1 -32768
 1 -30721
 1 319
 5 0
 1 -61
13 -1
 1 31
 4 0
 1 126
 1 32736
 1 16386
 6 0
 1 -32738
 1 0
 1 1022
 1 422
 1 -32768
 1 255
 1 0
 1 -28672
 1 3985
27 0
 1 -2
 3 -1
 1 16383
 1 0
 1 4095
 3 0
 1 16384
 1 20466
 3 0
 1 32256
 8 0
 1 -16384
 1 1
12 0
 1 9216
 1 504
 2 0
 1 -16384
 1 -12289
 1 -1
 1 1667
 4 0
 1 16384
 1 14640
 1 1
 6 0
 1 -15360
 1 7
 1 -512
13 -1
 1 1535
 5 0
 1 -4096
 1 1
16 0
 1 3664
10 0
 1 -2048
 1 1
 1 0
 1 -160
 1 7
 8 0
 1 -4096
 7 -1
 1 -12301
 1 3
14 0
 1 14336
 1 -11
 1 3087
 1 -8
 1 -15873
 4 -1
 1 7
 7 0
 1 7936
 1 2032
 1 8136
 8 0
 1 -18432
 1 -64
 1 7
 5 0
 1 -2048
 1 -2045
 7 -1
 1 16383
 1 20
 9 0
 1 -242
 1 511
 1 17378
 1 -256
 1 127
12 0
 1 64
18 0
 1 2
 8 0
 1 -30720
 6 -1
 1 2047
17 0
 1 -2048
 1 63
 1 -7
 1 7
 2 0
 1 16384
 3 0
 1 -1024
 1 -16105
 1 1
 1 0
 1 256
 6 0
 1 -16376
 1 8191
15 0
 1 -8192
 6 -1
 1 511
 1 0
 1 1
 3 0
 1 -14080
 1 31
 4 0
 1 5120
 8 0
 1 -64
 1 287
 3 0
 1 6144
19 0
 1 -16384
 1 0
 1 4096
 8 0
 1 -64
11 -1
 1 8191
 1 -22
 1 32767
 1 -384
 1 8191
43 0
 1 512
 1 -13
 9 -1
 1 3
 1 -14
 1 127
18 0
 1 -2
 1 -1
12 0
 1 8192
 1 1
 8 0
 1 -1024
 1 31
 1 1792
 5 0
 1 -2
 8 -1
 1 32767
 9 0
 1 16380
 1 2176
 1 8192
 1 60
15 0
 1 -200
 1 -1
 1 -14347
 1 16383
 1 3584
19 0
 1 -32
 6 -1
 1 199
20 0
 1 -24640
 1 8192
 1 1
 6 0
 1 256
 5 0
 1 48
18 0
 1 -4096
 8 -1
 1 1
32 0
 1 7
 1 8192
 1 -2
 1 -1
 1 -29181
 1 31
 1 0
 1 -8192
 1 32767
 1 196
 3 0
 1 3584
 7 0
 1 -2
13 -1
 1 -9209
 5 -1
 1 -14337
 1 63
 6 0
 1 8
25 0
 1 26672
 7 0
 1 -24576
 6 -1
25 0
 1 505
 1 -32512
 1 3072
 1 16384
 1 -129
 1 63
17 0
 1 -32768
 1 -1
 1 1801
 3 0
 1 -8960
 1 -8720
17 -1
 1 -769
 1 7
19 0
 1 16
 5 0
 1 192
 8 0
 1 -1023
 1 -1
 1 3
 6 0
 1 -16384
 1 -1
 1 -14273
 4 -1
 1 4095
 7 0
 1 8
 3 0
 1 3487
 1 287
 3 0
 1 -64
 1 31
 7 0
 1 -64
 1 32569
24 0
 1 4098
 3 0
 1 -64
 7 -1
 1 3463
 1 -4096
 1 63
 1 -2048
 1 -1
 1 8191
 4 0
 1 3708
 2 0
 1 -32768
 3 -1
 1 25593
 1 7
21 0
 1 64
 1 -26
 1 24575
 1 -8
 1 193
 1 -16384
 1 -1
 1 1023
 6 0
 1 -3969
13 -1
 1 8191
 7 0
 1 -16384
 1 -112
 1 511
 7 0
 1 504
 2 0
 1 1536
 6 0
 1 -32768
 2 -1
 1 -769
 1 1
 2 0
 1 7420
 1 16
 1 -512
 1 63
 4 0
 1 -24576
 4 0
 1 -2048
 8 -1
 1 20479
 1 28
26 0
 1 -1
 1 31
 1 6663
 1 -192
 6 0
 1 8191
15 0
 1 -256
 6 -1
 1 32767
 1 0
 1 30720
18 0
 1 128
 1 124
15 0
 1 -16384
 1 2051
 7 0
 1 1016
 4 0
 1 960
 3 0
 1 -24
 7 -1
 1 -24577
13 0
 1 12288
 1 1
 3 0
 1 512
 1 112
 4 0
 1 -4096
 7 0
 1 -1040
 1 5119
 1 0
 1 6144
 1 8184
 2 0
 1 -24
 1 -1
 1 15
12 0
 1 -8192
12 -1
 1 3
24 0
 1 8160
 1 31808
14 0
 1 32736
 1 0
 1 2
 1 24576
 3 0
 1 -32768
 7 -1
 1 511
 2 0
 1 -3888
 1 7
 1 31744
 8 0
 1 512
13 0
 1 14336
 1 -1538
 1 15887
 1 4
16 0
 1 12288
 7 0
 1 -32
 1 -2
 5 -1
 1 7
12 0
 1 -8
 1 1923
 1 0
 1 78
 1 -28
 1 16383
 1 -8188
 1 -769
 1 31
 1 0
 1 256
 5 0
 1 1024
 1 1022
 4 0
 1 8260
 5 0
 1 32
 1 0
 1 8
 1 0
 1 -64
 3 -1
 1 3
 5 0
 1 -256
 6 -1
 1 8191
 6 0
 1 16384
24 0
 1 -16
 1 -3837
 1 -15361
 3 0
 1 -4096
 1 31
 6 0
 1 -32768
 1 -424
 1 29692
 1 60
 2 0
 1 29728
 1 16382
 2 0
 1 -1024
 6 -1
 1 0
 1 -128
 1 63
 1 2303
 7 0
 1 -384
 1 -129
 1 4095
 4 0
 1 -16000
 1 7
 8 0
 1 -16384
 1 8311
 1 2
10 0
 1 -768
 4 -1
 1 4095
 1 -32768
 1 8191
 1 1536
 3 0
 1 -512
 8 -1
 1 15
10 0
 1 -20480
 1 -1
 1 63
 1 0
 1 -32256
 1 -185
 2 -1
 1 8
 9 0
 1 1
13 0
 1 16
11 0
 1 -64
 8 -1
 1 127
 4 0
 1 -256
 1 -493
 1 560
 1 32
 1 2
 2 0
 1 4
30 0
 1 512
10 0
 1 24
 1 -2
12 -1
 1 1
 7 0
 1 1
30 0
 1 8192
 1 2
 4 0
16 -1
 1 4095
 1 128
 4 0
 1 16382
 8 0
 1 1536
 1 0
 1 4096
 7 0
 1 4080
 1 24
 1 -16896
 1 31
 1 252
 6 0
 1 3
12 0
 1 -32768
 1 -28545
 7 -1
 1 7
 5 0
 1 -128
 8 0
 1 -256
 1 4095
10 0
 1 4096
11 0
 1 -32768
 1 161
 4 0
 1 16
 1 30720
 1 130
 1 6144
 2 0
 1 1024
 1 0
 1 -16384
 7 -1
 1 31
 1 -512
 1 1
22 0
 1 96
 2 0
 1 7
10 0
 1 -8192
 4 -1
 1 7
11 0
14 -1
 2 0
 1 4608
 1 -444
 1 255
 1 128
 7 0
 1 255
 8 0
 1 16384
 1 2040
24 0
 1 -1024
 6 -1
 1 511
 3 0
 1 -32768
17 0
 1 768
 8 0
 1 1984
 1 0
 1 32496
 1 0
 1 1792
 1 7744
 1 -1
 1 17
 5 0
 1 -3088
 1 127
10 0
 1 32
 1 -14336
 1 15
 1 -512
 3 -1
 1 7
 7 0
 1 -64
 2 -1
 1 543
10 0
 1 4096
 6 0
 1 112
 1 -8192
 1 3
23 0
 1 -512
 7 -1
 1 3
53 0
 1 -8192
13 -1
 1 -8193
 1 17
31 0
 1 -256
15 0
 1 -3584
 7 -1
 1 7
 3 0
 1 7
13 0
 1 -32768
 1 1
13 0
 1 -14337
 1 -1
 1 16127
 8 0
 1 8192
 6 0
 1 32760
 3 0
 1 -16384
 6 -1
 1 4095
10 0
 1 3840
 1 16
 2 0
 1 8192
 1 -256
 1 511
14 0
 1 30720
 1 0
 1 25056
 1 2030
 1 -15872
 1 1023
 1 0
 1 2048
 3 0
 1 -16
 1 -1
 1 1023
 9 0
 1 -1024
13 -1
 1 1023
 5 0
 1 1023
 1 -23552
 1 4
 6 0
 1 124
 1 -64
 1 -1
 1 -24577
 1 4038
 1 4
 7 0
 1 8304
 1 3
 9 0
 1 -16384
 1 -160
 1 0
 1 -2044
 1 2047
 1 0
 1 28
 3 0
 1 -2
 6 -1
 1 31
21 0
 1 64
 6 0
 1 512
 3 0
 1 -3586
 2 -1
 1 63
 1 -32768
 1 7
 1 512
 3 0
 1 6
12 0
 1 -4
 7 -1
 1 63
 4 0
 1 192
 1 -16384
 1 31
 6 0
 1 -14592
 1 -1
 1 2047
14 0
 1 4096
 1 0
 1 -32768
 1 -4
19 0
 1 -4
 7 -1
 1 8211
 1 512
 7 0
 1 1022
 1 0
 1 -24576
 1 -1
 1 -7681
 1 63
 6 0
 1 120
 8 0
 1 -256
 1 3
12 0
 1 1008
 1 -16384
 1 16
 1 -8192
 1 63
 5 0
 1 -1024
13 -1
 1 15
29 0
 1 240
 5 0
 1 -7234
 1 -1
 1 3983
 6 0
 1 -1024
 3 -1
 1 -4
 8 -1
 1 255
 4 0
 1 18688
 3 0
 1 1856
 1 -512
 1 1
 7 0
 1 -29696
 1 1085
25 0
 1 -32
 1 127
 2 0
 1 6240
 1 8
 2 0
 1 -128
 8 -1
 1 511
30 0
 1 -16384
 1 7
 7 0
 1 -8000
 1 -1
 3 0
 1 -18432
 5 0
 1 -28862
 1 0
 1 -1536
 8 -1
 1 -3073
 1 -7
 2 -1
 1 -16321
 1 7
 3 0
 1 768
 1 998
 4 0
 1 15872
 1 28
 1 -256
 1 -31745
 1 -1
 1 3
 4 0
 1 2048
 1 9
10 0
 1 -128
 1 0
 1 8064
 1 -20480
 1 319
13 0
 1 -32
 4 -1
 1 31
 8 0
 1 56
 2 0
 1 -16384
 1 15
 6 0
 1 -1024
 1 31
13 0
 1 -256
 1 -16321
 7 0
 1 -8176
 1 -7169
 1 -257
 1 7
 1 112
 1 0
 1 128
 5 0
 1 -32768
 1 -16
 6 -1
 1 2047
38 0
 1 -128
 1 31
13 0
 1 -1536
13 -1
 1 16383
 6 0
 1 16384
11 0
 1 16384
 1 -224
 1 3071
16 0
 1 -28
 1 -1
 1 8577
 1 0
 1 -32768
 1 4063
 1 -113
12 -1
 1 32511
 1 2
12 0
 1 -16384
 1 2048
 1 16
 4 0
 1 -1
 1 16383
 6 0
 1 -4096
 1 32767
 3 0
 1 -512
 1 31
18 0
 1 -4
 6 -1
 1 127
 4 0
 1 -16384
 1 242
20 0
 1 16384
 2 0
 1 -6152
 1 63
13 0
 1 -2304
 1 -17
 1 1007
 1 0
 1 62
 6 0
 1 -16
 5 -1
 1 15
26 0
 1 -104
 1 2047
 5 0
 1 18680
 2 0
 1 31264
 6 0
 1 -2080
 1 5
 5 0
 1 248
 1 -16
 1 1023
 1 -4
 1 127
 1 12288
44 0
 1 -8
 1 231
 6 0
 1 -1024
 1 15591
 8 0
 1 -16384
 7 -1
 1 -12801
 7 0
 1 -8
 1 -25
 1 7
 4 0
 1 -128
 1 4095
13 0
 1 -249
 1 14335
 1 198
 5 0
 1 -6144
 1 2047
12 0
 1 -2048
 1 5151
 1 0
14 -1
 1 -17
 1 16511
 1 0
 1 32
 1 0
 1 1
19 0
 1 -32768
12 0
 1 16384
 1 0
 1 8192
 1 64
 4 0
 1 -128
 1 0
 1 -960
 6 -1
 1 4095
18 0
 1 -8192
 3 0
 1 1536
16 0
 1 32
15 0
 1 -2
 1 -8193
11 -1
 1 895
10 0
 1 24576
 1 6
14 0
 1 510
 1 1023
 1 -1024
 1 -4065
 1 -32672
 1 7
 3 0
 1 -1024
 1 -1
 1 2047
 5 0
 1 7
 4 0
 1 -4096
 6 -1
 1 1023
17 0
 1 -4088
 1 5
36 0
 1 -4096
12 -1
 1 63
 1 2032
 5 0
 1 15904
 2 0
 1 -32768
 1 127
17 0
 1 7680
19 0
 1 -2
12 -1
 1 6663
 1 -16256
 4 0
 1 2552
 1 -32768
 1 -1
 1 -113
 1 511
 1 7936
12 0
 1 494
16 0
 1 1024
 1 4032
 6 0
 1 -512
 7 -1
 1 6159
12 0
 1 -128
 1 1023
13 0
 1 32
 1 20352
 1 -4068
 1 -4091
 1 -24577
22 0
 1 4096
 1 -8
 4 -1
 1 2047
 1 -256
 1 16383
 1 4120
13 0
 1 -439
 1 63
 1 -4096
 1 1
 7 0
 1 -8192
 1 -125
 1 -31231
 1 -32513
 1 15
 8 0
 1 32
15 0
 1 -4
 6 -1
 1 31
47 0
 1 896
 1 -830
 1 31
 1 0
 1 -16384
 1 4095
 1 29180
 1 -8192
 6 -1
 1 1023
11 0
 1 432
 1 32767
 1 0
 1 -14336
 1 15
 1 0
 1 -4096
 1 30721
 1 28
14 0
 1 8064
 5 0
 1 28928
13 0
 1 -1024
13 -1
 1 8191
 1 32256
 1 -24576
 1 -1537
 1 -1
 1 3
35 0
 1 896
 1 -8
 1 1023
 1 0
 1 -32768
 1 147
 2 0
 1 -320
 6 -1
 1 16383
29 0
 1 56
13 0
 1 -15368
 1 1023
 1 0
 1 6
 4 0
 1 12288
 2 0
 1 -32768
 8 -1
 1 15615
 1 79
11 0
 1 -1
 1 1543
26 0
 1 -64
 1 3
 1 48
 2 0
 1 4
 1 0
 1 32
 2 0
 1 -8
 1 119
 1 -24576
14 -1
 1 127
12 0
 1 30720
 1 4096
 3 0
 1 -8192
 1 -7
 1 16383
 7 0
 1 464
19 0
 1 -4096
 1 -121
 5 -1
 1 32767
 1 1056
19 0
 1 4
17 0
 1 -10240
 1 0
 1 -7680
 1 31
 5 0
 1 -32768
 1 18447
 1 -32768
 1 0
 1 -8
 1 7
 2 0
 1 -16258
 1 -193
 5 -1
 1 511
 8 0
 1 -1
 1 127
22 0
 1 -24576
 1 7
12 0
 1 8192
 8 0
 1 -2
 5 -1
 1 16383
 1 12
 1 0
 1 7169
 6 0
 1 -16
 1 -1
 1 -5
 1 1
 6 0
 1 24576
 1 -52
 1 2047
 1 0
 1 2032
26 0
 1 -24576
 1 7
 3 0
 1 -16
12 -1
 1 20671
16 0
 1 8
 7 0
 1 252
 5 0
 1 32
 4 0
 1 -29184
 1 225
 6 0
 1 16128
 2 0
 1 16384
 1 48
 1 0
 1 -4
 6 -1
15 0
 1 31746
 1 14
 5 0
 1 12288
 1 31
 4 0
 1 16384
 1 32761
 1 -32
 1 -32765
 1 0
 1 120
10 0
 1 -16
 1 3975
 1 192
 8 0
 1 -16
13 -1
 1 1
17 0
 1 -32768
 1 28673
14 0
 1 -4096
 1 -2051
 1 33
11 0
 1 -5120
13 -1
 1 16383
 7 0
 1 968
 2 0
 1 3072
34 0
 1 256
 1 -32528
 1 16441
 1 -32
 6 -1
 1 1023
 8 0
 1 -2048
 2 -1
 1 63
 4 0
 1 16
16 0
 1 28736
 1 6144
19 0
 1 -16384
13 -1
 1 14367
 1 1
 4 0
 1 512
15 0
 1 -16384
 1 15600
 1 -1
 1 31
 8 0
 1 8192
 1 0
 1 15984
 1 -32
11 0
 1 31744
 6 -1
 1 31
11 0
 1 3132
 1 -895
 1 4095
 1 0
 1 4090
14 0
 1 506
 7 0
 1 -32768
 1 19
 1 0
 1 112
12 0
 1 -32768
 7 -1
 1 2047
11 0
 1 -32768
 1 255
 7 0
 1 6148
 9 0
 1 24576
14 0
 1 8
 1 224
 2 0
 1 3968
 3 0
 1 12288
 7 -1
 1 543
 7 0
 1 4096
 1 1022
24 0
 1 -32768
 1 511
19 0
 1 -24576
 1 -2
12 -1
 1 16383
 1 -2
 1 16391
37 0
 1 448
 3 0
 1 -32768
 1 1
 3 0
 1 -8192
13 -1
 1 24639
 1 9
28 0
 1 7937
 5 0
 1 -128
 1 5
10 0
 1 -32768
 7 -1
 1 1
 1 0
 1 -8192
 9 0
 1 -32768
 1 3
 4 0
 1 -32768
 1 -1
13 0
 1 32754
 1 0
 1 16383
19 0
 1 -2
 7 -1
 1 8191
 1 7
53 0
 1 -32
 6 -1
 1 -32713
 1 3982
 1 -8192
 1 31
30 0
 1 -32
20 0
 1 -9
 5 -1
 1 2047
21 0
 1 -32768
 1 -1
 1 5119
 1 0
 1 12
 1 256
 3 0
 1 8
 5 0
 1 16320
 1 -512
 1 -193
 1 -287
 1 -1821
 1 31
 3 0
 1 96
 1 0
 1 12
 7 0
 1 -256
 7 -1
 1 4095
24 0
 1 -2048
 1 3
 9 0
 1 -1924
 2 -1
 1 243
16 0
 1 -61
13 -1
 1 -16321
 1 259
18 0
 1 12
 2 0
 1 -272
 1 -769
 1 255
10 0
 1 256
11 0
 1 -7168
11 -1
 1 32767
 1 15528
22 0
 1 -512
 1 -1
 1 15
 8 0
 1 14
10 0
 1 792
 3 0
 1 -32768
 6 -1
 1 3
11 0
 1 20224
 1 390
 3 0
 1 1
 4 0
 1 56
 7 0
 1 16540
 3 0
 1 -16128
 1 -113
 1 -1
 1 8191
 2 0
 1 -256
 1 15
 7 0
 1 8192
 5 0
 1 64
 1 -16244
 6 -1
 1 5
 7 0
 1 8192
 1 12288
 1 16
 2 0
 1 -24
 1 14
12 0
 1 -256
18 0
 1 256
 8 0
 1 -8
12 -1
 1 255
 8 0
 1 8192
 1 15
 1 -1024
 1 -1
 1 4095
13 0
 1 -2018
13 0
 1 -8192
 1 255
 3 0
 1 384
 2 0
 1 -16
 5 -1
 1 -24577
 2 -1
 1 8191
 5 0
 1 2
26 0
 1 3136
11 0
 1 -8192
 1 -4096
 1 1025
 1 0
 1 7168
 1 0
 1 224
 3 0
 1 -880
 5 -1
 9 0
 1 -32768
 1 1
 9 0
 1 12288
 1 120
 5 0
 1 16336
 1 2
 1 0
 1 1536
 1 4097
 1 7712
 1 -3682
 1 15
 1 120
 6 0
 1 3072
 1 30744
 1 16
10 0
 1 -16384
 7 -1
 9 0
 1 -2048
 1 -1
 1 7
44 0
 1 -2049
11 -1
 1 63
 4 0
 1 1024
 1 1008
 9 0
 1 64
11 0
 1 14560
12 0
 1 1792
 1 -388
 1 1031
 5 0
 1 -32768
 6 -1
 1 2047
15 0
 1 -478
 1 511
38 0
 1 -16
 7 -1
 1 -16385
16 0
 1 192
 2 0
 1 28
33 0
 1 -2048
14 -1
 1 -225
26 0
 1 -6272
 2 0
 1 480
 9 0
 1 31750
 1 0
 1 1024
 5 0
 1 -128
 6 -1
 1 16383
55 0
 1 -32
 6 -1
 1 255
14 0
 1 -16384
 1 -7937
 1 15935
 1 2047
14 0
 1 -2045
17 0
 1 18404
 1 16448
 2 0
 1 -128
 7 -1
 1 7
17 0
 1 32256
 1 -8192
 1 15
17 0
 1 127
 1 0
 1 1048
13 0
 1 12288
 1 -4
12 -1
 1 127
 1 12
15 0
 1 31744
 1 -1024
 1 483
 9 0
 1 32
 1 -12
 1 -32761
 1 511
 1 124
 1 62
 6 0
 1 -1024
 1 19
 6 0
 1 -1792
 6 -1
 1 511
15 0
 1 16368
 1 120
 4 0
 1 8192
27 0
 1 -6146
 1 15
 3 0
 1 -256
 6 -1
 1 399
 2 0
 1 -1664
 1 127
 1 12
11 0
 1 7936
 7 0
 1 6144
18 0
 1 8128
 1 -6
 1 15
 9 0
 1 -6
13 -1
 1 63
 3 0
 1 -32768
21 0
 1 -16384
 1 14343
20 0
 1 -128
 7 -1
 1 1023
 6 0
 1 1024
 2 0
 1 6144
 2 0
 1 12288
 5 0
 1 8192
 1 16382
11 0
 1 -31748
 1 1
 4 0
 1 -60
 1 16353
 1 0
 1 -32768
 1 1
 3 0
 1 -512
 1 -16321
 1 12828
 1 0
 1 -512
 1 3
 2 0
 1 -4096
 6 -1
 1 -2817
 1 63
32 0
 1 16384
 1 -256
 1 -32737
19 0
 1 24576
 1 -256
13 -1
 1 15
 9 0
 1 7
37 0
 1 16384
 1 -64
 6 -1
 1 32767
 1 0
 1 512
40 0
 1 -128
 1 1023
 9 0
 1 -16384
 5 -1
 1 8191
 9 0
 1 -8192
 1 64
 1 -31808
39 0
 1 128
 1 8190
 1 8176
 1 0
 1 -8192
 8 -1
 1 1799
 1 768
 5 0
 1 1022
19 0
 1 -126
 1 4095
52 0
 1 -512
 1 63
19 0
 1 2
 5 0
 1 -16
 1 3
 7 0
 1 -16384
 6 -1
 1 -32
 1 31
 2 0
 1 32512
 1 -1
 1 1023
 5 0
 1 15360
13 0
 1 448
29 0
 1 -14368
 5 -1
 1 4095
 1 -2
 1 1
 3 0
 1 16380
30 0
 1 12288
 1 -1
 1 15
16 0
 1 7168
12 -1
 1 3
13 0
 1 16384
16 0
 1 -1024
 1 15
 6 0
 1 -63
 1 32767
 9 0
 1 -40
 6 -1
 1 -7937
 1 255
 1 0
 1 16376
 5 0
 1 -17408
17 0
 1 4096
 1 0
 1 -8192
 1 1792
 5 0
 1 -2176
 1 7
17 0
 1 -4096
12 -1
 1 31
30 0
 1 -32768
 1 -31808
 1 0
 1 -64
 1 96
 1 0
 1 2001
 1 0
 1 34
 1 2
 8 0
 1 -16384
12 -1
 1 -14337
 1 1
13 0
 1 -2048
 1 15
32 0
 1 -8
13 -1
 6 0
 1 -31744
 1 3871
13 0
 1 8128
 1 0
 1 -16384
 1 -1
 1 -28673
 1 -8
 1 32767
 1 -31
 1 15
19 0
 1 -16384
 6 -1
 1 4095
 1 896
 3 0
 1 12288
 1 16
 1 0
 1 -896
 1 1023
10 0
 1 -128
 1 -127
 1 8191
 1 -16384
 1 15
11 0
 1 -8
 1 -1
17 0
 1 32
 1 -32
 7 -1
 1 1023
 5 0
 1 -30624
 1 1
 5 0
 1 -8192
 1 -1
 1 127
 1 992
 2 0
 1 14
 1 0
 1 -32768
 1 3
31 0
 1 -32768
 1 -2
 7 -1
 1 29182
 1 3968
 1 -7
 1 32767
 2 0
 1 -7424
 1 1
 1 0
 1 -2048
 1 1
 1 29182
 1 2
31 0
 1 -1
 1 0
 1 -5120
 1 1
 6 0
 1 -256
12 -1
 1 31
 1 0
 1 -64
 1 48
 3 0
 1 16382
22 0
 1 16384
 4 0
 1 -32766
 2 0
 1 256
11 0
 1 -512
 7 -1
 1 15
 1 -256
 1 31
 7 0
 1 8192
23 0
 1 -16384
 1 -4066
 1 12289
 1 17
 1 -3088
 1 7
 9 0
 1 -8192
 1 4095
 4 0
 1 -3
 7 -1
 1 63
16 0
 1 3840
14 0
 1 2048
 7 0
 1 8
10 0
 1 24576
 1 -256
15 -1
 1 15
10 0
 1 1008
 7 0
 1 480
 3 0
 1 -32764
 1 -1024
 1 -1
 1 15
21 0
 1 -128
12 -1
 1 63
18 0
 1 96
 4 0
 1 -8192
 1 -1
 1 -1024
 6 0
 1 16
 2 0
 1 128
14 0
 1 -2
 4 -1
 1 16383
26 0
 1 16
12 0
 1 480
 8 0
 1 1008
 6 0
 1 -3584
 6 -1
 1 7167
 1 1
10 0
 1 8192
 1 0
 1 32
24 0
 1 -2048
 1 3
14 0
 1 -32768
 7 -1
 1 1023
16 0
 1 -24704
 1 -32768
 1 4
10 0
 1 -16384
 1 -1
 1 -15361
 1 1023
22 0
 1 -128
12 -1
 1 -7801
 1 4095
46 0
 1 -32768
 6 -1
 1 4095
10 0
 1 -2048
 1 127
11 0
 1 -32768
 1 16383
 1 0
 1 2104
 1 0
 1 -16384
 1 2047
25 0
 1 -256
13 -1
 1 32767
12 0
 1 1
20 0
 1 32288
 1 0
 1 31
 1 15
11 0
 1 -512
 5 -1
 1 2047
 7 0
 1 1
13 0
 1 56
11 0
 1 192
21 0
 1 -128
11 -1
 1 32767
 1 3
 2 0
 1 8320
 1 56
20 0
 1 -640
 1 3326
 1 28670
 1 7
 2 0
 1 256
 1 0
 1 -128
 1 7295
14 0
 1 -8064
12 -1
 1 639
 1 -15873
 1 -1536
 1 63
18 0
 1 -16384
 1 -1
 1 1
 1 16380
 1 -64
 1 -1
 1 8191
22 0
 1 -4
 6 -1
 1 2047
15 0
 1 16
 9 0
 1 15360
10 0
 1 31
 2 0
 1 32
10 0
 1 1024
 1 -32768
 1 15
 1 -32768
 8 -1
 1 7
49 0
 1 -32768
 1 -16
 1 2047
 1 0
 1 -240
 6 -1
 1 7
 2 0
 1 64
16 0
 1 -32768
 1 -1
 1 32767
 1 -16272
 1 -4
 6 0
 1 4096
 1 -64
 1 511
 1 -14368
 1 -32752
 1 3
 4 0
 1 -512
 1 -26497
 1 15
12 0
 1 -4
12 -1
 1 1023
 8 0
 1 480
14 0
 1 -16384
 1 -1
 1 1
 1 1920
 1 0
 1 -30720
 1 8064
11 0
 1 2048
 1 0
 1 8
 4 0
 1 -8192
 1 8191
 1 -6148
12 -1
 1 112
42 0
 1 31744
 1 -8
 1 -1041
 1 63
 1 -992
 6 -1
 1 8191
 1 2048
 1 1921
22 0
 1 158
18 0
 1 32
 1 -16
 1 127
 1 0
 1 4
 7 0
 1 -104
 5 -1
 1 -32513
 1 1
37 0
 1 -16384
 1 -2
 1 7
 2 0
 1 8192
 9 0
 1 8
 2 0
 1 -128
 6 -1
 1 2047
 9 0
 1 -3072
 1 1
 1 0
 1 7
 9 0
 1 -16384
 1 255
 1 992
 1 132
12 0
 1 511
 1 -1024
 1 0
 1 -8192
 1 -15
 1 451
 3 0
 1 12
 6 0
 1 -2
 6 -1
 1 16383
 1 64
 6 0
 1 -20
 2 -1
 1 33
20 0
 1 -10240
 1 7
22 0
 1 -125
 6 -1
 1 511
13 0
 1 -1848
 1 32767
13 0
 1 384
20 0
 1 -8000
 1 -28673
 1 -7967
 1 -64
15 -1
 1 1023
12 0
 1 256
13 0
 1 -32768
 1 -1
 1 225
19 0
 1 -264
12 -1
 1 7681
25 0
 1 -32
 1 -16129
 1 127
 4 0
 1 -2048
 1 0
 1 -8189
 2 0
 1 -2048
 1 2047
 9 0
 1 -4096
 7 -1
 1 255
 1 28
 5 0
 1 8128
21 0
 1 7680
 1 -1
 1 23
 7 0
 1 -30952
 1 63
 8 0
 1 -16384
 1 1
 3 0
 1 -64
 7 -1
 1 15
 7 0
 1 -16384
 1 32767
 1 15616
 2 0
 1 -4
 1 -8
 1 -30721
 4 0
 1 2048
34 0
 1 -2
12 -1
 1 32767
 1 255
16 0
 1 4
31 0
 1 -2
 5 -1
 1 511
 6 0
 1 -2048
 1 63
10 0
 1 -9864
 1 927
10 0
 1 1920
13 0
 1 24576
 4 0
 1 -1
 1 7
 1 -16192
 3 0
 1 -8192
 7 -1
 1 -8065
 1 1
 5 0
 1 992
 1 0
 1 424
11 0
 1 2036
 1 -32704
 1 1023
17 0
 1 124
12 0
 1 -512
 6 -1
 1 4095
 2 0
 1 -2048
 1 4095
 1 6144
 1 4
 2 0
 1 7952
23 0
 1 64
 1 2
21 0
 1 -128
13 -1
 1 7
15 0
 1 -10
 1 -7937
 1 1
29 0
 1 -32768
 7 -1
 1 2047
 1 1568
19 0
 1 62
 1 -3584
 7 0
 1 -128
 9 0
 1 64
 2 0
 1 1920
11 0
 1 224
 1 -128
 6 -1
 1 12799
 7 0
 1 4080
11 0
 1 3840
34 0
14 -1
 1 249
 1 0
 1 15904
26 0
 1 -24576
 1 65
17 0
 1 -128
 6 -1
 1 15
55 0
 1 -32
 6 -1
 1 4095
 4 0
 1 -16384
 1 128
12 0
 1 16380
 1 192
 1 8192
 1 11
 3 0
 1 -1664
 2 -1
 1 385
 3 0
 1 32514
 1 3
 6 0
 1 16384
 1 16
12 0
 1 -128
 7 -1
 1 1
 9 0
 1 4096
 1 -512
 1 17
18 0
 1 992
 2 0
 1 112
 4 0
 1 960
 1 30
 1 -32768
 1 255
 5 0
 1 384
 5 0
 1 -2048
13 -1
 1 7
31 0
 1 2
 2 0
 1 8320
 4 0
 1 4
 9 0
 1 -2
 5 -1
 1 159
42 0
 1 2240
12 0
 1 -4080
 5 -1
 1 8191
 4 0
 1 -16384
 1 31
11 0
 1 128
35 0
 1 -32
 1 1023
13 -1
 1 63
19 0
 1 16384
 7 0
 1 14818
 6 0
 1 -32768
 1 1
13 0
 1 -72
 7 -1
 1 115
23 0
 1 6144
29 0
 1 -4
 6 -1
 1 639
12 0
 1 195
 5 0
 1 528
 1 -32768
 1 26172
 3 0
 1 32752
 1 833
25 0
 1 -1984
 1 32767
 1 4092
 1 -64
13 -1
 1 31
33 0
 1 2048
 1 0
 1 224
 3 0
 1 7
 8 0
 1 -1808
 6 -1
 1 127
 8 0
 1 -1024
 1 4095
13 0
 1 -24576
 1 12287
 8 0
 1 16384
 1 1024
 1 7
 2 0
 1 528
 1 96
15 0
 1 -32
 5 -1
 1 4095
14 0
 1 -16
 1 32767
 1 8128
24 0
 1 4032
 6 0
 1 14342
 1 -7170
 1 0
 1 -512
 1 -16383
 1 31
 1 0
 1 -16
 6 -1
 1 -25
 1 31
 1 -32768
 7 0
 1 -28672
 1 -1
 1 255
 1 -32
 1 -1
59 0
 1 4064
11 0
 1 -1024
 1 32767
30 0
 1 -1024
 6 -1
 1 1023
11 0
 1 2032
21 0
 1 -8192
 1 7167
13 0
 1 112
 5 0
 1 -4096
13 -1
 1 511
18 0
 1 3
 4 0
 1 4
11 0
 1 -16384
 1 7
 3 0
 1 -8192
 2 0
 1 -1024
 1 1
 2 0
 1 -32768
13 -1
 1 2047
24 0
 1 -32768
 1 -1789
14 0
 1 448
 5 0
 1 16384
 1 0
 1 -16384
 1 -4
 5 -1
 1 1023
 8 0
 1 1
33 0
 1 240
12 0
 1 -16384
 7 -1
 1 96
 4 0
 1 512
 1 127
28 0
 1 16384
10 0
 1 8192
 1 1987
 3 0
 1 -2017
 1 1
 1 0
 1 -512
 6 -1
 1 16383
55 0
 1 -32768
 1 -4
 6 -1
 1 2047
 7 0
 1 248
17 0
 1 -1
 1 32767
 1 92
15 0
 1 -256
 1 31
 8 0
 1 -256
 8 -1
 1 18433
35 0
 1 4
 2 0
 1 -1984
 1 -128
 1 -7937
 1 -1
 1 8191
10 0
 1 -16
 7 -1
 1 63
11 0
 1 -32768
 1 961
 1 -12288
 1 8191
 1 0
 1 4064
 1 -511
 1 7
12 0
 1 -7952
 1 -1
 1 127
19 0
 1 -1024
14 -1
 1 511
 1 2
24 0
 1 -4096
 1 -1
 1 1
19 0
 1 -64
 6 -1
 1 16383
17 0
 1 -15616
 1 -1021
 1 0
 1 1024
 1 -2048
 1 -4093
 1 -32767
 2 0
 1 2560
 2 0
 1 1008
10 0
 1 48
 5 0
 1 -16384
 1 -8193
 1 16368
 6 0
 1 -1536
 5 -1
 1 1023
 8 0
 1 20480
23 0
 1 240
 1 -40
 1 8191
 1 1022
 9 0
 1 -1024
 1 31
 8 0
 1 -56
12 -1
19 0
 1 512
 1 0
 1 127
19 0
 1 240
 7 0
 1 -32768
 7 -1
 1 31
 1 -16128
 1 899
 8 0
 1 256
 1 0
 1 49
29 0
 1 7168
 1 31
10 0
 1 -8192
13 -1
 1 1
47 0
 1 -256
 8 -1
 1 -3841
 1 -1
20 0
 1 -16384
 1 -12291
 1 -32
 1 15
28 0
 1 -1024
 8 -1
 1 31
34 0
 1 -896
 1 30723
 1 8444
 9 0
 1 -512
 1 -31808
 1 3
 4 0
 1 -2048
 8 -1
 1 2047
34 0
 1 -6
 1 -1
 1 127
17 0
 1 -4
12 -1
 1 3
24 0
 1 248
21 0
 1 -16384
 7 -1
 1 255
 5 0
 1 3
 6 0
 1 -16368
 1 6
10 0
 1 192
 5 0
 1 -32768
 1 57
22 0
 1 -16
13 -1
 1 -32261
 1 3
23 0
 1 384
 1 1
 3 0
 1 -1024
 1 7936
 1 143
16 0
 1 -8
 1 -25
11 -1
 1 16383
 1 8
 6 0
 1 252
 1 8192
13 0
 1 24576
 1 -16
 1 57
18 0
 1 28672
 4 0
 1 -512
12 -1
 1 16383
38 0
 1 15296
 7 0
 1 -16384
 1 -49
15 -1
 1 3295
 1 -2
 1 7
 7 0
 1 -16384
 1 251
10 0
 1 256
 1 1024
21 0
 1 -8192
 1 231
 1 0
 1 -1024
 6 -1
 1 31
 1 -6656
 1 4095
 1 514
 1 0
 1 28
 2 0
 1 384
46 0
 1 -16384
 7 -1
 3 0
 1 -31744
52 0
 1 -1024
 5 -1
 1 511
55 0
 1 -16384
 1 -2
12 -1
 1 1023
16 0
 1 -13312
 1 8191
 8 0
 1 28672
 1 -16
 1 -1
 1 63
 2 0
 1 -32288
 1 15
14 0
 1 -112
 7 -1
47 0
 1 96
 6 0
 1 -16
 6 -1
 1 31
15 0
 1 3072
17 0
 1 8192
 1 -16
 1 255
11 0
 1 -32768
 1 255
 5 0
 1 -256
 6 -1
 1 1023
54 0
 1 -512
 6 -1
 1 2047
31 0
 1 -32768
 1 63
10 0
 1 -4
 1 7
 3 0
 1 -32
 1 3
 4 0
 1 -20480
 8 -1
 1 4095
53 0
 1 -16384
 7 -1
 1 8191
35 0
 1 8192
 1 124
17 0
 1 -16
12 -1
 1 16383
 1 12288
 1 -16
 1 63
 1 0
 1 -4096
 1 -16377
 1 7
41 0
 1 -2045
13 -1
 1 8191
 6 0
 1 3104
16 0
 1 6
24 0
 1 -512
 5 -1
 1 -12289
 1 -32765
 1 193
24 0
 1 96
13 0
 1 32541
15 0
 5 -1
 1 32767
 1 -7968
 1 -1
 1 3
 7 0
 1 -8192
 1 7
20 0
 1 19456
 1 -60
 1 2047
21 0
 1 -2048
13 -1
 1 1023
48 0
 1 -12
 6 -1
 1 15
19 0
 1 16128
 1 -1792
 1 511
32 0
 1 -8192
 8 -1
 1 16383
 4 0
 1 -4096
 1 511
 4 0
 1 2031
14 0
 1 -8192
 1 25
12 0
 1 8192
 1 -3088
 1 32767
 1 12408
 5 0
 1 -16384
 4 0
 1 -32768
 6 -1
 1 31
25 0
 1 16384
 1 0
 1 -4096
 1 8191
 2 0
 1 -14336
 1 -1
 1 -32737
 1 -1
 1 3
18 0
 1 -32
12 -1
 1 255
 1 4126
24 0
 1 -16384
 1 7
15 0
 1 -2048
 1 -1
 1 63
 4 0
 1 -12292
 6 -1
 1 15
22 0
 1 -8192
 1 15
30 0
 1 -512
 7 -1
14 0
 1 64
 6 0
 1 6144
 1 254
24 0
 1 32335
 6 0
 1 -32768
14 -1
 1 4095
21 0
 1 16128
10 0
 1 24576
14 0
 1 -1024
 7 -1
 1 0
 1 -8192
 1 1
 5 0
 1 -16384
 1 71
44 0
 1 -512
 7 -1
 1 255
55 0
 1 -30
 6 -1
 1 31
31 0
 1 3840
22 0
13 -1
 1 8191
48 0
 1 -2048
 6 -1
 1 511
55 0
 1 -4
 6 -1
 1 -449
 1 7
15 0
 1 15104
 1 1023
 1 0
 1 384
 3 0
 1 12288
 1 0
 1 56
 5 0
 1 -16384
 1 7
21 0
 1 -256
13 -1
 1 3
 4 0
 1 -2
 1 15
 1 144
 1 4080
 9 0
 1 15360
30 0
 1 -64
 6 -1
 1 963
22 0
 1 -8168
 1 4095
13 0
 1 -8192
 1 -1
 1 7
14 0
 1 -64
 6 -1
 1 7
 4 0
 1 240
15 0
 1 12
31 0
 1 8192
 2 0
 1 -8
11 -1
 1 32767
 6 0
 1 -112
 1 -1
 1 1023
 1 2040
 1 8
18 0
 1 96
19 0
 1 -2
 6 -1
 1 63
33 0
 1 16
18 0
 1 16384
 1 0
 1 -16384
 6 -1
 1 8191
10 0
 1 496
 5 0
 1 -2112
 7 0
 1 -992
30 0
 1 -16384
 6 -1
 1 255
 1 3968
 1 60
12 0
 1 -32768
 1 -4
 1 -1
 1 3
 1 0
 1 1984
 6 0
 1 -25
 1 7
12 0
 1 -128
 1 975
 1 -32648
 1 15
14 0
 1 -32768
 1 9
22 0
 1 8064
34 0
 1 -32
 6 -1
 1 4095
13 0
 1 16
33 0
 1 384
 1 -8
 1 8191
 5 0
 1 -256
11 -1
 1 15871
 1 60
43 0
 1 224
 4 0
 1 -512
 8 -1
 4 0
 1 -64
31 0
 1 4088
 7 0
 1 16382
 4 0
 1 128
 4 0
 1 -2
 5 -1
 1 1023
55 0
 1 -32
 7 -1
 1 2303
21 0
 1 -1024
 1 63
 2 0
 1 8064
17 0
 1 -32768
 1 -1
 1 3
 9 0
 6 -1
 1 31
44 0
 1 2
 9 0
 1 -256
 7 -1
 1 1023
15 0
 1 24576
 1 8190
37 0
 1 -32
 6 -1
 1 207
26 0
 1 48
27 0
 1 -512
 6 -1
 1 63
55 0
 1 -8192
 6 -1
 1 32767
 1 -30720
 1 24
14 0
 1 -8192
 2 -1
 1 63
 1 -8186
 1 225
 7 0
 1 -4096
 1 187
 2 0
 1 -8192
 1 7
14 0
 1 6656
 2 0
 1 -16384
 1 15
 1 -4
 6 -1
 1 8191
26 0
 1 32
 4 0
 1 -32768
 1 -1
 1 127
 3 0
 1 -8192
 1 -1
 1 3199
 1 60
14 0
 1 -4
 7 -1
 1 63
21 0
 1 7936
 1 2048
 5 0
 1 56
 5 0
 1 -16372
 1 1
17 0
 1 -256
 8 -1
 1 2047
52 0
 1 -32768
 8 -1
 1 14591
20 0
 1 504
 1 384
18 0
 1 -8192
 1 63
 8 0
 1 12288
 3 0
 1 -64
 1 -9
 5 -1
 1 15
17 0
 1 2
32 0
 1 64
 1 7
 1 0
 1 -4096
 8 -1
 1 511
36 0
 1 32672
 5 0
 1 60
10 0
 1 -64
 6 -1
 1 8191
25 0
 1 2
16 0
 1 -16384
 1 1023
 1 17
10 0
 1 -64
 7 -1
 1 63
 8 0
 1 -512
44 0
 1 -4096
13 -1
 1 511
48 0
 1 -2
 6 -1
 1 127
46 0
 1 9728
 7 0
 1 -8
14 -1
 1 63
 5 0
 1 -16368
 1 19
40 0
 1 -32
 5 -1
 1 1023
56 0
 1 -2
 7 -1
 1 32767
29 0
 1 28672
23 0
 1 4080
 6 -1
 1 3
 5 0
 1 6
47 0
 1 -32768
13 -1
 1 1023
 2 0
 1 24
18 0
 1 -176
 1 8072
 1 -16404
25 0
 1 -2
 6 -1
 1 15
 5 0
 1 -32768
 1 511
 1 -128
 1 63
 6 0
 1 512
38 0
 1 8192
 1 -2
 6 -1
 1 3
41 0
 1 240
 1 2044
 1 1
 9 0
 1 -7168
14 -1
 1 16383
47 0
 1 -512
 7 -1
 1 7
13 0
 1 -512
 1 127
39 0
 1 -32
 7 -1
 1 1023
15 0
 1 2048
12 0
 1 -3088
 1 3
23 0
 1 -64
 7 -1
 1 1
 8 0
 1 3
32 0
 1 24575
 1 16380
 5 0
 1 512
 5 0
 1 -4
 5 -1
 1 127
15 0
 1 15872
16 0
 1 2040
11 0
 1 16
10 0
 1 -128
 8 -1
 1 1
 7 0
 1 64
26 0
 1 -32
 1 1
17 0
 1 -64
 6 -1
 1 127
17 0
 1 4120
 2 0
 1 -1
 1 63
12 0
 1 -4
 1 511
14 0
 1 -2048
 1 16383
 2 0
 1 -1024
14 -1
 1 -15873
 1 255
45 0
 1 -128
12 -1
 1 1023
 3 0
 1 1024
17 0
 1 6144
 1 30
20 0
 2 -1
 1 28679
 1 32292
 2 0
 1 -128
 7 -1
 1 -8
 1 -1
 1 15
30 0
 1 -237
 1 -1793
 1 15
 1 0
 1 -1536
 1 999
16 0
 1 -2048
 7 -1
 1 24
 9 0
 1 -2048
 1 2035
 3 0
 1 256
 4 0
 1 -512
 1 4083
32 0
 1 -480
14 -1
26 0
 1 25472
19 0
 1 192
 1 0
 1 -8
 6 -1
 1 511
18 0
 1 -4096
 1 1023
22 0
 1 4096
 1 16
 1 0
 1 30720
 1 0
 1 -31746
 1 1
 5 0
 1 -32
 8 -1
 1 1023
34 0
 1 -3200
 1 2047
 9 0
 1 -32768
 7 0
 1 -32
 6 -1
 1 3
52 0
 1 -32700
 1 3
 1 12288
 1 -4
11 -1
 1 2047
 1 4064
 1 -4096
 1 2047
46 0
 1 -4
 5 -1
 1 16383
37 0
 1 -256
 1 1023
 9 0
 1 -1
 1 3583
 5 0
 1 -8
 7 -1
 1 4095
 1 4068
 1 4064
17 0
 1 16384
 1 4095
 9 0
 1 -32768
 1 -1
 6 0
 1 -32768
12 0
 1 -4096
 1 -31
 1 -56
16 -1
 1 7
21 0
 1 -16384
 1 225
13 0
 1 1920
 8 0
 1 -4096
 7 -1
 1 2271
 1 8192
 1 4072
21 0
 1 200
 2 0
 1 16384
 1 2
26 0
 1 -32
 7 -1
 1 1
 4 0
 1 -31680
 1 3
12 0
 1 1536
 1 -770
 1 255
32 0
 1 -2048
 6 -1
 1 2047
55 0
 1 -256
12 -1
49 0
 1 -1024
 6 -1
 1 511
 7 0
 1 1024
45 0
 1 24
 1 -32768
 7 -1
 1 127
33 0
 1 -512
 1 607
 1 192
 5 0
 1 -24570
 1 28696
12 0
 1 -224
12 -1
 1 32767
 1 -194
 1 -32257
 1 6
22 0
 1 255
22 0
 1 -4
 6 -1
 1 1231
 8 0
 1 10
12 0
 1 14336
 5 0
 1 1
13 0
 1 508
 7 0
 1 7936
 4 0
 1 -8192
 8 -1
29 0
 1 -32768
 1 12
21 0
 1 -4036
 1 -252
14 -1
 1 3087
48 0
 1 -2
 6 -1
 1 15
10 0
 1 772
14 0
 1 4046
18 0
 1 4
 9 0
 1 -8192
 7 -1
 1 63
53 0
 1 -8192
 7 -1
 1 32767
46 0
 1 903
54 0
 1 -4096
 1 -8176
 2 -1
 2 0
 1 -32768
 1 1
 7 0
 1 -32
 7 -1
 1 -1921
31 0
 1 2048
19 0
 1 -256
 1 2047
 1 0
 1 -2
 7 -1
 2 0
 1 -31745
 1 7
50 0
 1 16384
 6 -1
 1 16383
11 0
 1 32
 1 510
 3 0
 1 4088
11 0
 1 16320
 1 112
16 0
 1 3968
 9 0
12 -1
 1 255
30 0
 1 2040
 1 7
 5 0
 1 -2048
 1 545
 1 248
 4 0
 1 -128
 1 1
 2 0
 1 -4096
12 -1
 1 255
26 0
 1 32
 4 0
 1 7936
17 0
 7 -1
 1 8191
 1 0
 1 3072
38 0
 1 126
13 0
 1 -256
13 -1
 1 32767
 1 2
 6 0
 1 -1536
 1 1
11 0
 1 -8192
 2 -1
 1 3
 8 0
 1 4
13 0
 1 -4
 1 1
 1 -2
 6 -1
 1 15
 1 0
 1 -16384
 1 -1
 1 1
 9 0
 1 7168
37 0
 1 128
 2 0
 1 504
 1 -2
 5 -1
 1 9215
16 0
 1 16384
38 0
 1 -256
12 -1
 1 32767
20 0
 1 -32768
15 0
 1 -16384
 2 -1
10 0
 1 -64
 5 -1
 1 225
54 0
 1 -32768
 7 -1
 1 2047
 1 8
 7 0
 1 384
30 0
 1 6144
 2 0
 1 8184
11 0
 1 -2048
 6 -1
 1 2047
55 0
 1 -4
 5 -1
 1 511
 1 60
54 0
 1 -64
12 -1
 1 447
10 0
 1 4095
38 0
 1 -1024
 5 -1
 1 255
55 0
 1 -32768
 9 -1
 1 32767
 1 -8192
 1 0
 1 4
 1 32
26 0
 1 1792
 6 0
 1 64
 9 0
 1 -32768
 1 6137
 1 -11920
 1 768
 1 0
 1 -16
 6 -1
 1 4927
12 0
 1 3584
 2 0
 1 -4096
 1 -1
 1 511
 7 0
 1 -8192
 1 -1
 1 16383
 4 0
 1 256
 1 2
 2 0
 1 129
17 0
 1 -32
 1 -4033
11 -1
 1 4095
40 0
 1 22528
 4 0
 1 28672
 4 0
 1 -8192
 5 -1
 1 511
12 0
 1 6
38 0
 1 128
 3 0
 1 -4
12 -1
 1 63
 7 0
 1 -1920
 1 -1
 1 127
28 0
 1 4
 9 0
 1 -128
12 -1
 1 1
49 0
 1 -2
 6 -1
 1 255
11 0
 1 48
42 0
 1 -64
 6 -1
 1 1
54 0
 1 -8192
13 -1
40 0
 1 32128
 8 0
 7 -1
 1 16383
40 0
 1 208
13 0
 1 -32
 7 -1
 1 1
23 0
 1 224
17 0
 1 -16384
 1 -1
 1 1
10 0
 1 -16384
12 -1
 1 511
32 0
 1 88
15 0
 1 -3072
12 -1
 1 32767
11 0
 1 128
25 0
 1 -256
 1 7
10 0
 7 -1
 1 127
11 0
 1 8
42 0
 1 -4096
 7 -1
 1 127
33 0
 1 -2
 1 63
11 0
 1 6144
 7 0
 1 -128
 7 -1
 1 1
14 0
 1 12288
24 0
 1 808
13 0
 1 -32
 7 -1
31 0
 1 60
 1 -2032
 1 32767
 3 0
 1 2048
16 0
 1 -4096
 8 -1
 1 1
 3 0
 1 32
14 0
 1 4128
 1 248
20 0
 1 4576
 1 14340
 1 -8200
 1 16383
 7 0
 1 28672
 1 0
 1 -512
13 -1
 1 31
33 0
 1 -16384
14 0
 1 -16384
 1 -2048
11 -1
 1 2047
48 0
 1 -512
 6 -1
 1 15
52 0
 1 -2048
 1 127
 1 -128
 7 -1
 1 255
11 0
 1 15872
 1 1024
 1 -8192
 1 1
15 0
 1 -256
 1 -1
 1 32767
12 0
 1 16384
 1 8192
 1 3
 7 0
 1 -32
12 -1
 1 255
30 0
 1 14336
 7 0
 1 3072
 9 0
 1 -769
 6 -1
 1 15
15 0
 1 13310
11 0
 1 -1984
 1 16383
11 0
 1 -32768
 6 0
 1 1016
 6 0
 1 -3200
 7 -1
 1 31
25 0
 1 12304
 1 256
 5 0
 1 8192
 2 0
 1 -16384
 1 255
12 0
 1 -32768
 1 32543
 3 0
 1 -16
 6 -1
 1 999
50 0
 1 -2048
 1 224
 2 0
 1 -128
13 -1
 1 16511
37 0
 1 -48
 1 255
 9 0
 1 -16384
 7 -1
 1 127
29 0
 1 -32
 1 8191
 1 1944
21 0
 1 -512
 7 -1
 1 1
 9 0
 1 1024
 1 30
43 0
 1 -2048
12 -1
 1 511
 1 0
 1 48
11 0
 1 4096
 1 -1
 1 -7169
 1 15
31 0
 1 -8192
 8 -1
 1 7
12 0
 1 3132
13 0
 1 510
26 0
 1 -1024
 7 -1
 1 31
23 0
 1 -32768
14 0
 1 -2047
 1 -1
 1 32767
 1 -20
 1 32767
10 0
 1 -1024
 6 -1
 1 8191
56 0
 1 -64
12 -1
 1 32767
 1 -4
 1 31
38 0
 1 -16320
 1 2047
 5 0
 1 -4
 7 -1
 1 1
29 0
 1 896
 1 -2
 1 1
22 0
 1 16384
 1 -2
 5 -1
 1 63
 9 0
 1 4096
 1 0
 1 -256
 1 399
42 0
 1 -128
11 -1
 1 32767
 1 0
 1 16368
47 0
 1 -58
 7 -1
38 0
 1 13056
 1 32752
15 0
 1 -7
 5 -1
 1 8191
55 0
 1 -4
13 -1
 1 255
47 0
 1 -64
 6 -1
 1 8191
55 0
 1 -16
 9 -1
 1 15
51 0
 1 -128
 8 -1
 1 63
17 0
 1 1020
 5 0
 1 1
23 0
 1 14336
68 0
 6 -1
 1 4095
11 0
 1 14336
30 0
 1 7
12 0
 1 -128
12 -1
 1 -28545
 1 1
11 0
 1 -256
 1 127
34 0
 1 -32768
 7 -1
 1 3
11 0
 1 316
30 0
 1 -8
 1 -1
 1 2047
 1 28
 8 0
 1 -1024
 6 -1
 1 -32573
34 0
 1 3584
13 0
 1 -16384
 1 195
 4 0
 1 -768
12 -1
 1 4095
34 0
 1 16384
 9 0
 1 1536
 2 0
 1 16
 1 0
 7 -1
 1 511
 1 0
 1 16
13 0
 1 32640
38 0
 1 -64
13 -1
 1 15
37 0
 1 14336
10 0
 1 -4
 6 -1
 1 2047
48 0
 1 64
 5 0
 1 -4096
12 -1
 1 1023
36 0
 1 8192
 1 384
11 0
 1 -512
 6 -1
 1 4095
 1 512
47 0
 1 28764
 5 0
 1 -8192
 7 -1
 1 3
 9 0
 1 2048
44 0
12 -1
 1 32767
 1 638
41 0
 1 1024
 6 0
 1 -32
14 -1
 1 1921
48 0
 1 -4
11 -1
 1 16383
49 0
 1 -2
 5 -1
 1 255
55 0
 1 -2
 7 -1
22 0
 1 32760
26 0
 1 3
 4 0
 1 -16384
 7 -1
30 0
 1 48
11 0
 1 56
 5 0
 1 4096
 6 0
 1 -128
 7 -1
 1 16383
19 0
 1 -32720
 1 129
 1 511
31 0
 1 -2048
12 -1
 1 511
18 0
 1 14
28 0
 1 -28672
 8 -1
 1 16383
 1 64
54 0
 1 -16
12 -1
 1 32767
 8 0
 1 8192
39 0
 1 -24
 6 -1
 1 -4093
 1 15
26 0
 1 -128
 1 511
25 0
 1 -256
 6 -1
 1 255
55 0
 1 -32
 6 -1
 1 -14081
 1 -1
 1 63
52 0
 1 -64
 8 -1
 1 32756
53 0
 1 -64
13 -1
 1 8177
 1 0
 1 256
45 0
 1 -1024
 7 -1
 1 511
22 0
 1 -16384
 1 127
 7 0
 1 16
22 0
 1 -640
12 -1
 1 511
 5 0
 1 2032
31 0
 1 448
10 0
 1 -15360
 7 -1
 1 15
54 0
 1 -64
 6 -1
 1 67
30 0
 1 -16384
 1 2041
22 0
 1 -32768
 8 -1
41 0
 1 64
 1 3584
 3 0
 1 1
 7 0
 1 -64
 6 -1
 1 31
35 0
 1 16128
18 0
 1 -16
 8 -1
 1 8176
15 0
 1 -16384
 5 0
 1 15
 9 0
 1 -128
 1 32767
20 0
 1 -16
 5 -1
 1 32767
16 0
 1 512
24 0
 1 -896
 1 -993
 1 32767
11 0
 1 -64
13 -1
 1 4095
11 0
 1 -24384
 1 255
35 0
 1 -256
12 -1
 1 8191
41 0
 1 32512
 6 0
 1 -32768
 7 -1
 1 993
14 0
 1 -16384
 1 -224
 1 511
37 0
 1 -16
 5 -1
 1 511
17 0
 1 24576
 6 0
 1 -32768
 1 15
 8 0
 1 -256
 1 15
17 0
 1 3
 1 0
 1 -512
13 -1
 1 255
48 0
 1 -32
 7 -1
 1 31
41 0
 1 832
 1 4
10 0
 1 -512
 6 -1
 1 127
 8 0
 1 1024
17 0
 1 -512
 1 -1
 1 255
14 0
 1 -256
 1 3
10 0
 1 -7680
 6 -1
 1 2047
28 0
 1 32648
 2 0
 1 248
22 0
 1 -8192
13 -1
48 0
 1 -16384
 7 -1
 1 8191
 1 2046
 1 4
52 0
 1 -1024
 6 -1
 1 15
55 0
 1 -16
12 -1
 1 7
31 0
 1 4088
 8 0
 1 -16
 1 -1
 1 3
 6 0
 1 -8
 6 -1
 1 32767
17 0
 1 48
19 0
 1 7948
16 0
 1 -8
 5 -1
 1 2047
22 0
 1 768
33 0
 1 -449
 5 -1
 1 16383
37 0
 1 -8192
 1 3
16 0
 1 -8
12 -1
 1 63
48 0
 1 -2048
 7 -1
 1 1
54 0
 1 -1024
 6 -1
 1 127
54 0
 1 -512
13 -1
 1 511
 1 4
35 0
 1 1016
 8 0
 1 3584
 2 0
 1 -512
 7 -1
 1 31
18 0
 1 -4096
 1 255
 7 0
 1 16
25 0
 1 -4096
 7 -1
 1 895
14 0
 1 -4096
 1 -253
 1 127
21 0
 1 -512
 1 32767
 5 0
 1 -15360
 1 -31745
 1 511
 2 0
 1 -16384
 1 7
 2 0
 1 -2
13 -1
 4 0
 1 768
 6 0
 1 64
36 0
 1 -4096
 6 -1
 1 15
 1 32712
 6 0
 1 -896
 1 -1
 1 15
 1 1984
38 0
 1 14336
 5 0
 1 -4
 6 -1
 1 1
54 0
 1 -32768
 7 -1
 1 3
59 0
 1 8
56 0
 1 -256
 7 -1
 1 255
30 0
 1 14
 1 496
 1 30
 1 2
20 0
 1 -64
13 -1
 1 4071
37 0
 1 4160
 1 1021
 8 0
 1 -8
 6 -1
 1 16383
10 0
 1 2016
30 0
 1 896
 2 0
 1 -31
10 0
 1 -16
12 -1
 1 1
48 0
 1 -8192
13 -1
 1 -32257
 1 -32761
 1 1
36 0
 1 240
 1 15
 5 0
 1 24576
 1 0
 1 -16384
14 -1
 1 499
32 0
 1 2048
14 0
 1 -8192
 6 -1
 1 31
30 0
 1 -1
22 0
 1 248
 1 -8192
14 -1
 1 255
44 0
 1 8192
 2 0
 1 -128
 7 -1
 1 255
 1 -32768
 1 3
 5 0
 1 -2048
 1 1
26 0
 1 64
19 0
 1 -16384
 5 -1
 1 143
54 0
 1 -64
13 -1
 1 2047
 1 7936
 7 0
 1 28
 6 0
 1 992
32 0
 1 -10
 6 -1
 1 3
 1 0
 1 3
 1 1
 1 0
 1 1
50 0
 1 -2
 6 -1
 1 15
49 0
 1 32
 3 0
 1 -2048
13 -1
 1 4095
 1 -1917
 1 1
 6 0
 1 1
 7 0
 1 -8192
 1 -1
 1 3
30 0
 6 -1
 1 7167
14 0
 1 -8168
 1 1023
21 0
 1 -15872
17 0
 1 -512
 6 -1
 1 15615
54 0
 1 -2
 7 -1
 1 -121
 1 4
10 0
 1 249
 4 0
 1 -7296
 1 0
 1 -8192
35 0
 1 -8192
 6 -1
 1 3
46 0
 1 30
 5 0
 1 16512
 1 0
 1 -1024
13 -1
 9 0
 1 768
 8 0
 1 1536
 5 0
 1 -16384
 1 8176
23 0
 1 -8
 7 -1
 1 127
53 0
 1 -2048
13 -1
 1 8191
48 0
 1 -1024
12 -1
 1 1
49 0
 6 -1
 1 32767
24 0
 1 1024
 7 0
 1 31
 1 0
 1 -16384
 1 1023
19 0
 1 -4096
 6 -1
 1 255
21 0
 1 -16384
 1 -769
 1 3
 1 0
 1 4034
 4 0
 1 -32768
 1 128
18 0
 1 32
 3 0
 1 -28672
 1 -769
 6 -1
17 0
 1 -16384
 1 96
26 0
 1 -512
 1 -1
 1 32767
 1 28
 6 0
 1 -16
13 -1
 1 8192
 1 768
32 0
 1 16
 1 -32
 1 511
12 0
 1 -4
 7 -1
 1 511
44 0
 1 3584
 7 0
 1 -16384
13 -1
 1 -8193
 1 -255
 1 32767
20 0
 1 -32
 1 3
24 0
 1 -32
13 -1
 1 13311
45 0
 1 768
 2 0
 1 -1024
 6 -1
 1 -193
 1 -1025
 1 31
28 0
 1 -16
 1 3
22 0
 1 -16384
 6 -1
 1 2047
 6 0
 1 1536
 1 7936
17 0
 1 124
30 0
 1 -2
 5 -1
 1 255
54 0
 1 -32768
 6 -1
 1 32767
21 0
 1 512
14 0
 1 768
18 0
 1 -400
 1 -63
 5 -1
 1 -32753
 1 1
53 0
 1 -32768
13 -1
 1 16383
16 0
 1 -16384
 1 1
13 0
 1 8192
16 0
 1 8448
 1 -2
13 -1
 1 255
13 0
 1 28672
 1 24960
 1 0
 1 1792
27 0
 1 16352
 1 0
 1 -64
 6 -1
 1 32767
 9 0
 1 -125
 1 255
44 0
 1 -16
 7 -1
 1 20479
 6 0
 1 -30689
 1 32755
23 0
 1 7680
 1 7936
18 0
 1 768
 1 0
 1 -1024
13 -1
 1 511
37 0
 1 7680
10 0
 7 -1
 1 511
19 0
 1 -7808
 1 35
23 0
 1 12
 9 0
 1 -512
 6 -1
 1 4095
10 0
 1 1024
42 0
 1 -512
 1 -8192
 7 -1
 1 1023
54 0
 1 -1024
12 -1
 1 4095
49 0
 7 -1
 1 127
38 0
 1 -225
 1 32767
 3 0
 1 3200
10 0
 1 -16384
 1 -49
 5 -1
 1 1023
 1 -4096
 1 7
48 0
 1 29184
 1 4064
 1 -24
 1 0
 1 -32768
13 -1
 1 15
37 0
 1 2040
11 0
 1 -128
 6 -1
 1 1
 1 -1024
31 0
 1 -32752
 1 255
 9 0
 1 -4096
 1 1023
 9 0
 8 -1
 1 1023
 3 0
 1 4092
 1 -8
 1 8188
47 0
 1 -512
 7 -1
 1 1
25 0
 1 32640
12 0
 1 4096
15 0
13 -1
 1 8703
48 0
 1 6144
 1 -2
 5 -1
 1 4095
11 0
 1 -2048
 1 15
 5 0
 1 -16384
 3 -1
 1 31
31 0
 1 -4096
 8 -1
 1 -1921
33 0
 1 480
19 0
 1 -1024
13 -1
 1 63
48 0
 1 -256
 6 -1
 1 7
48 0
 1 768
 5 0
 1 -16384
 6 -1
 1 16383
37 0
 1 496
16 0
 1 -16384
14 -1
 1 -32257
 1 1023
46 0
 1 -1024
 7 -1
 1 511
22 0
 1 31
31 0
 1 -2048
 6 -1
 1 32767
12 0
 1 62
42 0
 7 -1
 1 127
99 0
17 0
 1 -1024
 7 -1
 1 4095
54 0
 1 -32
 6 -1
 1 15
54 0
 1 -8192
 7 -1
 1 511
32 0
 1 -512
21 0
 1 -256
 6 -1
 1 4095
54 0
 1 -64
14 -1
48 0
 1 -16
15 -1
 1 1
45 0
 1 -512
 7 -1
 1 3
54 0
 1 -32
12 -1
 1 8191
49 0
 1 -2
 5 -1
 1 511
27 0
 1 992
 9 0
 1 28672
17 0
 1 -128
12 -1
 1 1023
48 0
 1 -2048
13 -1
 1 63
48 0
 1 -8
 7 -1
 1 1
54 0
 6 -1
 1 1023
55 0
 1 -32768
12 -1
 1 511
49 0
 1 -32
13 -1
 1 7
47 0
 1 -64
 6 -1
 1 2047
54 0
 1 -16384
 7 -1
 1 255
54 0
 1 -16
 7 -1
 1 31
54 0
 1 -4
12 -1
 1 255
48 0
 1 -16
 7 -1
28 0
 1 6
25 0
 1 -32
13 -1
 1 1
48 0
 1 -4
 7 -1
 1 1
53 0
 1 -16384
13 -1
 1 7
48 0
 1 -2
 5 -1
 1 32767
 1 -3970
55 0
 1 -8192
 6 -1
 1 127
54 0
 1 -16
12 -1
 1 1023
49 0
 1 -4
 5 -1
 1 32767
55 0
 1 -32
13 -1
 1 1
48 0
14 -1
 1 1
47 0
 1 -32
 6 -1
 1 255
55 0
 1 -2
 5 -1
 1 16383
55 0
 1 -256
 6 -1
 1 32767
54 0
 1 -2048
 7 -1
 1 32767
54 0
 1 -1024
 6 -1
 1 15
38 0
 1 14
15 0
 1 -32768
13 -1
 1 455
48 0
 1 -8
13 -1
 1 7
47 0
 1 -1024
 7 -1
 1 15
54 0
 1 -1024
 6 -1
 1 32767
55 0
 1 -8
12 -1
 1 3
48 0
 1 -512
 6 -1
 1 255
54 0
 1 -16384
 7 -1
 1 15
54 0
 1 -2
 6 -1
 1 8191
 1 128
54 0
13 -1
 1 3
48 0
 1 -32
 6 -1
 1 32767
54 0
 1 -16384
 6 -1
 1 127
55 0
 1 -16
12 -1
 1 511
48 0
 1 -64
 7 -1
 1 15
54 0
 1 -2
 6 -1
 1 2047
55 0
 1 -4
 5 -1
 1 8191
55 0
 1 -8
12 -1
 1 2047
48 0
 1 -4096
 7 -1
 1 1023
54 0
 1 -32
 6 -1
 1 3
54 0
 1 -32768
13 -1
 1 2047
48 0
 1 -2
 6 -1
 1 511
55 0
 7 -1
 1 3
19 0
 1 16384
34 0
 1 -128
12 -1
 1 31
48 0
 1 -32768
 7 -1
 1 511
45 0
 1 192
 8 0
 1 -64
 7 -1
 1 127
53 0
 1 -8192
 7 -1
 1 17407
99 0
17 0
 1 -128
 7 -1
 1 3
54 0
 1 -2048
12 -1
 1 -3969
49 0
 1 -8
 6 -1
 1 255
54 0
 1 -256
13 -1
 1 7
47 0
 1 -8192
13 -1
 1 3
48 0
 1 -8192
13 -1
 1 1
47 0
 1 -16384
13 -1
 1 7
48 0
 1 -64
 6 -1
 1 63
54 0
 1 -32768
13 -1
 1 1023
 1 -64
 1 15
 2 0
 1 16350
 1 64
42 0
 1 -16
 7 -1
 1 3
53 0
 1 -16384
13 -1
 1 16383
48 0
 1 -32
13 -1
49 0
 1 -256
12 -1
 1 127
48 0
 1 -8
 6 -1
 1 8191
54 0
 1 -16384
13 -1
 1 15
48 0
 1 -16384
 6 -1
 1 1023
55 0
 1 -8
 6 -1
 1 3
54 0
 1 -2048
 6 -1
 1 16383
55 0
 1 -32
13 -1
 1 7
47 0
 1 -32
 6 -1
 1 63
54 0
 1 -16384
13 -1
 1 511
48 0
 1 -8
12 -1
 1 63
48 0
 1 -2048
14 -1
 1 63
47 0
 1 -32768
 6 -1
 1 31
54 0
 1 -32768
 7 -1
 1 2047
54 0
 1 -512
12 -1
 1 4095
48 0
 1 -512
 7 -1
 1 15
54 0
 1 -512
13 -1
 1 3
47 0
 1 -4096
 7 -1
 1 8191
54 0
 1 -2048
 6 -1
 1 1
11 0
 1 -31744
 1 1
41 0
 1 -2048
 6 -1
 1 4095
55 0
 1 -128
 6 -1
 1 16383
55 0
 1 -64
 6 -1
 1 127
54 0
 1 -2
 7 -1
 1 63
53 0
 1 -8192
14 -1
 1 1023
47 0
 1 -128
12 -1
 1 127
48 0
 1 -32768
 7 -1
 1 1023
54 0
 1 -8
 6 -1
 1 8191
48 0
 1 31
 6 0
 1 -2
12 -1
49 0
 1 -4
 6 -1
 1 31
55 0
 7 -1
 1 16383
54 0
 1 -8
 5 -1
 1 32767
56 0
 1 -4
12 -1
 1 32767
48 0
 1 -128
 7 -1
 1 127
54 0
 1 -8
 6 -1
 1 1023
54 0
 1 -32768
13 -1
 1 1
48 0
 1 -32
 7 -1
 1 7
53 0
 1 -128
 6 -1
 1 4095
54 0
 1 -16384
 7 -1
 1 8191
54 0
 1 -32
13 -1
 1 7
47 0
 1 16384
 1 -2
 6 -1
 1 1
54 0
 1 -2048
 6 -1
 1 8191
55 0
 1 -64
12 -1
 1 31
48 0
 1 -2
 6 -1
 1 1023
55 0
 1 -29
 6 -1
 1 31
54 0
 1 -128
12 -1
 1 -769
 1 1
47 0
 1 -32768
 6 -1
 1 1023
55 0
 1 -256
 7 -1
 1 511
53 0
 1 -32768
 7 -1
 1 15
99 0
18 0
 1 -4
 6 -1
 1 15
55 0
 6 -1
 1 1
55 0
 1 -8
 6 -1
 1 1
54 0
 1 -4
14 -1
 1 31
47 0
 1 -4
 5 -1
 1 2047
55 0
 1 -256
 7 -1
 1 4095
54 0
 1 -128
 6 -1
 1 63
54 0
 1 -4096
 6 -1
56 0
 1 -32
 6 -1
 1 8191
54 0
 1 -16
12 -1
 1 255
49 0
 1 -16
 7 -1
 1 1
54 0
 1 -16
12 -1
 1 255
47 0
 1 -1024
14 -1
 1 32767
47 0
 1 -2048
12 -1
 1 32767
48 0
 1 -8192
 7 -1
 1 15
54 0
 1 -256
 6 -1
 1 16383
54 0
 1 -2048
 7 -1
 1 7
54 0
 1 -256
 7 -1
 1 2047
54 0
 1 -128
11 -1
 1 32767
49 0
 1 -2048
 6 -1
 1 3
54 0
 1 -1024
13 -1
 1 63
48 0
 1 -256
 6 -1
 1 1
30 0
 1 15872
24 0
 1 -16
 6 -1
55 0
 1 -2
13 -1
 1 31
47 0
 1 -32768
 7 -1
 1 511
54 0
 1 -64
12 -1
 1 15
48 0
 1 -8192
 7 -1
 1 63
54 0
 1 -256
13 -1
 1 7
48 0
 1 -8
12 -1
 1 511
48 0
 1 -64
 6 -1
 1 127
55 0
 1 -2
 5 -1
 1 16383
19 0
 1 2
35 0
 1 -2048
 6 -1
 1 8191
55 0
 1 -64
 6 -1
 1 4095
54 0
 1 -4096
 6 -1
 1 2047
54 0
 1 -4096
13 -1
 1 63
48 0
 1 -4096
12 -1
 1 8191
49 0
 1 -8
 6 -1
 1 127
54 0
 1 -128
 6 -1
 1 255
55 0
 1 -1024
12 -1
 1 1
48 0
 1 -32
 6 -1
 1 511
43 0
 1 -15424
11 0
 1 -512
 6 -1
 1 32767
54 0
 1 -2048
 6 -1
 1 1023
55 0
 1 -512
12 -1
 1 1023
48 0
 1 -16
 7 -1
 1 63
53 0
 1 -512
 7 -1
 1 63
54 0
 1 -1024
13 -1
 1 2047
48 0
 1 -256
 5 -1
 1 32767
55 0
 1 -2048
 7 -1
55 0
 1 -128
 6 -1
 1 16383
54 0
15 -1
 1 15
46 0
 1 -32768
 7 -1
 1 511
54 0
 1 -8192
 6 -1
 1 511
54 0
 1 -16384
13 -1
 1 8191
48 0
 1 -4096
 6 -1
 1 511
54 0
 1 -32768
 7 -1
 1 32767
14 0
 1 14336
39 0
 1 -16
12 -1
 1 63
49 0
 6 -1
 1 32767
55 0
 1 -64
 6 -1
 1 511
55 0
 7 -1
99 0
18 0
 1 -32768
 7 -1
 1 15
54 0
 1 -32
 6 -1
55 0
 1 -4096
 7 -1
 1 1023
54 0
 1 -16384
 7 -1
 1 15
53 0
 1 -4096
 7 -1
 1 7
54 0
 1 -128
 6 -1
 1 511
55 0
14 -1
 1 3
48 0
13 -1
 1 15
48 0
 1 -16
 6 -1
 1 1023
54 0
 1 -2048
13 -1
 1 249
48 0
 1 -8
 7 -1
 1 7
53 0
 1 -256
 6 -1
 1 2047
55 0
 1 -64
13 -1
 1 127
47 0
 1 -8192
12 -1
 1 575
48 0
 1 -1024
13 -1
 1 255
 1 480
47 0
 1 -128
 6 -1
 1 16383
54 0
 1 -8192
 7 -1
 1 1
 1 0
 1 16
 6 0
 1 64
45 0
 1 -16384
 6 -1
 1 4095
 1 48
21 0
 1 -1024
 1 15
19 0
 1 128
10 0
 1 -16384
 1 -4
12 -1
 1 4032
48 0
 1 -16
 6 -1
 1 127
 1 64
10 0
 1 28686
43 0
 1 -2
12 -1
 1 2047
48 0
 1 -1024
12 -1
 1 4095
28 0
 1 8176
 5 0
 1 32736
14 0
 1 -768
 6 -1
 1 7
16 0
 1 -512
 2 -1
 1 63
34 0
 1 -3712
12 -1
 1 511
14 0
 1 -64
 1 63
 1 448
19 0
 1 1
12 0
 1 -3
 6 -1
 1 -13
10 0
 1 31784
 1 -64
 1 3
41 0
 1 -128
13 -1
 1 15
29 0
 1 -32768
 1 1
 1 4480
 1 7
14 0
 1 -128
 7 -1
 1 31
 1 6
51 0
 1 -32768
 1 28
 1 -8
13 -1
 1 2111
23 0
 1 3840
23 0
 1 -4096
 7 -1
 1 8191
54 0
 1 -256
 6 -1
 1 1023
55 0
 1 -28
 6 -1
 1 255
54 0
 1 -16384
 7 -1
 1 511
53 0
 1 -16384
 7 -1
 1 7
55 0
 6 -1
 1 1023
55 0
 1 -32
12 -1
49 0
 1 -64
13 -1
 1 383
47 0
 1 -8192
 8 -1
54 0
 1 -4096
 7 -1
 1 31
53 0
 1 -4096
13 -1
 1 31
48 0
 1 -8192
 6 -1
 1 31
54 0
 1 -8192
 7 -1
 1 1023
54 0
 1 -32
 6 -1
 1 2047
55 0
 1 -4
12 -1
 1 511
48 0
 1 -512
 7 -1
55 0
 1 -4
 5 -1
 1 16383
56 0
 1 -8
13 -1
 1 7
46 0
 1 -16384
 7 -1
 1 7
54 0
 1 -128
 6 -1
 1 2047
55 0
 1 -2
 6 -1
 1 1
54 0
 1 -4096
13 -1
 1 4095
48 0
 1 -8
 6 -1
55 0
 1 -64
 7 -1
 1 127
36 0
 1 -32768
 1 -64
16 0
 1 -8192
13 -1
 1 1
47 0
 1 -32
 6 -1
 1 16383
55 0
 1 -128
 5 -1
 1 511
55 0
 1 -16
14 -1
 1 255
 7 0
 1 768
38 0
 1 -8192
 7 -1
 1 32767
54 0
 1 -32768
 6 -1
 1 32767
55 0
 6 -1
 1 511
99 0
19 0
 6 -1
 1 4095
55 0
 1 -256
12 -1
 1 1023
48 0
 1 -32768
14 -1
 1 16383
48 0
 1 -8
 6 -1
54 0
 1 -16384
 7 -1
 1 1
54 0
 1 -128
13 -1
 1 511
47 0
 1 -2048
 7 -1
 1 15
54 0
 1 -8192
 7 -1
55 0
 1 -8
 6 -1
 1 511
54 0
 1 -2048
 7 -1
 1 31
33 0
 1 7168
19 0
 1 -32768
13 -1
 1 32767
48 0
 1 -32
 6 -1
 1 32767
55 0
 1 -2
 8 -1
 1 1
52 0
 1 -4096
 6 -1
 1 127
54 0
 1 -16384
13 -1
 1 32767
48 0
 1 -16
 6 -1
56 0
 1 -2
 6 -1
 1 31
 7 0
 1 28800
46 0
 1 -64
 6 -1
 1 32767
55 0
14 -1
 1 255
47 0
 1 -64
 6 -1
 1 511
 4 0
 1 504
 1 -2
42 0
 1 -12296
 1 511
 5 0
 1 -1024
12 -1
 1 31
48 0
 1 -32
 7 -1
 1 127
54 0
 1 -4
12 -1
24 0
 1 -896
 7 0
 1 -32
 1 -1
 7 0
 1 -8192
 1 1991
 6 0
 1 -256
12 -1
 1 255
48 0
 1 -32768
 7 -1
 1 7
12 0
 1 544
24 0
 1 28672
16 0
 1 -1024
12 -1
 1 8191
19 0
 1 -64
 8 0
 1 32708
 1 0
 1 2044
 1 -480
 1 1
 1 30720
14 0
 1 -4096
 7 -1
 1 4095
 1 126
38 0
 1 -7176
 1 -3073
13 0
 1 -2
13 -1
 1 4095
48 0
 1 -6
 6 -1
 1 575
54 0
 1 -256
 6 -1
 1 1631
 8 0
 1 255
 1 2
11 0
 1 -2048
 1 1
24 0
 1 384
 7 0
 1 -12
 7 -1
 1 1
29 0
 1 -192
 1 1023
 6 0
 1 -2048
 1 3
14 0
 1 -256
 7 -1
 1 127
34 0
 1 32
18 0
 1 -32768
 7 -1
 1 1
53 0
 1 -32768
 7 -1
 1 2047
18 0
 1 -16384
 1 -12289
 1 7
33 0
 1 -16384
12 -1
 1 511
49 0
 1 -8
13 -1
47 0
 1 -7168
 1 -113
 7 -1
 1 63
54 0
 1 -4096
 7 -1
 1 -30721
 1 -32737
52 0
 1 -128
13 -1
33 0
 1 -8188
 1 1793
15 0
 1 -64
 5 -1
 1 32767
 1 -4096
 1 15
49 0
 1 1792
 2 0
 1 -16384
 7 -1
 1 255
14 0
 1 4064
 1 18432
 3 0
 1 1024
 1 -28800
16 0
 1 126
 1 248
15 0
 1 -8
 6 -1
 1 -31745
25 0
 1 16896
 6 0
 1 -18432
 1 127
21 0
 1 -4
13 -1
 1 15
47 0
 1 -32768
 6 -1
 1 511
39 0
 1 31
15 0
 1 -2048
 6 -1
 1 1
 7 0
 1 12
 9 0
 1 12
24 0
 1 504
 6 0
 1 120
 4 0
 1 -1024
13 -1
 1 1023
11 0
 1 24
35 0
 1 -32768
 7 -1
 1 16383
23 0
 1 -256
 1 7
27 0
 1 32
 1 0
 1 -128
 6 -1
 1 287
 2 0
 1 -1792
 1 7
51 0
 1 -8
 5 -1
 1 4095
36 0
 1 496
18 0
 1 -512
12 -1
 1 255
48 0
 1 -8192
 6 -1
 1 127
55 0
 1 -512
 7 -1
 1 -16321
 1 1
 1 0
 1 -8192
 1 2047
17 0
 1 -16384
 1 15367
30 0
 1 -4096
13 -1
 1 32287
 1 2
47 0
 1 -8192
 7 -1
 1 95
36 0
 1 -1
 1 7
 1 0
 1 -24562
 1 7
12 0
 1 -4096
 7 -1
 1 7
55 0
 1 -8
11 -1
 1 1023
27 0
 1 -2048
 1 255
20 0
 1 -207
 6 -1
 1 15
54 0
 1 -16
 7 -1
 1 31
54 0
 1 -64
 5 -1
 1 2047
25 0
 1 -2048
 1 -1
 1 32767
90 0
 1 -128
 1 -5
 5 -1
 1 2047
55 0
 6 -1
 1 63
45 0
 1 1009
 8 0
 1 -32768
14 -1
 1 511
22 0
 1 -16384
 1 -1
 1 1
 1 960
11 0
 1 8176
 8 0
 1 -512
13 -1
 1 8191
50 0
 1 -128
 4 -1
 1 8319
16 0
 1 16384
 7 0
 1 192
28 0
 1 224
 1 0
 1 -1536
 6 -1
 1 8191
55 0
 1 -4
 6 -1
 1 31
55 0
 1 -32
11 -1
 1 16383
 6 0
 1 -32768
43 0
 1 -64
11 -1
 1 15
 1 1278
47 0
 1 -32768
 5 -1
 1 8191
12 0
 1 62
 1 12288
42 0
 1 -4
12 -1
 1 127
25 0
 1 256
17 0
 1 7360
 1 -31802
 1 15
 2 0
 1 -28672
 6 -1
 1 31
55 0
 1 -16
12 -1
 1 1023
48 0
 1 -16384
 7 -1
 1 -8129
 1 7
23 0
 2 3
28 0
 1 -16
 7 -1
 1 1023
53 0
 1 -32
 6 -1
 1 32767
 7 0
 1 192
47 0
 1 -128
 5 -1
 1 15615
13 0
 1 4
39 0
 1 496
 1 0
 1 -16384
 6 -1
 1 2047
51 0
 1 3072
 3 0
 1 -128
12 -1
 1 8191
48 0
 1 -32768
 1 -4
 5 -1
 1 -113
 1 1
38 0
 1 16256
15 0
 1 -128
12 -1
 1 2047
29 0
 1 64
19 0
 1 -128
12 -1
 1 3
48 0
14 -1
 1 3
47 0
 1 -2048
13 -1
 1 7
48 0
 1 -16
 6 -1
 1 7
 6 0
 1 24
 6 0
 1 12
 1 280
 6 0
 1 16384
 1 4094
31 0
 1 -64
13 -1
 1 126
48 0
 1 -112
 6 -1
 1 1
54 0
 1 -256
12 -1
 1 1023
26 0
 1 4080
15 0
 1 -8192
 1 -2017
 1 1
 4 0
 1 -384
12 -1
 1 16383
47 0
 1 16384
 1 -8
 7 -1
 1 31
53 0
 1 -32512
 8 -1
 1 1
10 0
 1 16256
 1 -2049
 1 -1
 1 7
39 0
 1 -4
 6 -1
 1 31
14 0
 1 -32
 1 511
 1 2
37 0
 1 16384
 8 -1
 1 1023
33 0
 1 1022
19 0
 1 -32768
 7 -1
 1 1
30 0
 1 -8192
 5 0
 1 32704
 2 0
 1 1016
 9 0
 1 -24832
 4 0
 1 -4
12 -1
 1 8191
 9 0
 1 28
38 0
 1 -4
12 -1
 1 127
48 0
 1 -32768
 7 -1
 1 7
 1 7648
 1 -100
 1 3
51 0
 1 -32768
 7 -1
 1 1023
25 0
 1 -1021
27 0
 1 -16384
13 -1
 1 16383
23 0
 1 4096
 1 255
23 0
 1 -24576
 6 -1
 1 16383
 1 28
33 0
 1 256
16 0
 1 -16384
 1 7
 2 0
 1 -512
 6 -1
 1 8191
54 0
 1 -2048
 6 -1
35 0
 1 2048
20 0
 1 -256
12 -1
 1 63
48 0
 1 -64
 6 -1
 1 8191
55 0
 1 -16
 6 -1
 1 1023
31 0
 1 960
 1 -1
 1 32767
20 0
 1 -256
13 -1
 1 63
48 0
 1 -2
 6 -1
 1 1
54 0
 1 -32
 7 -1
 1 3
40 0
 1 112
13 0
 1 -4
 6 -1
 1 31
 9 0
 1 2
 3 0
 1 8192
40 0
 1 -10240
13 -1
 1 2047
48 0
 1 -512
 6 -1
 1 2047
42 0
 1 7168
11 0
 1 -16384
 7 -1
 1 127
17 0
 1 24576
 1 -2048
 1 31
13 0
 1 -16352
 1 24607
 1 504
 3 0
 1 32512
13 0
 1 -16384
13 -1
16 0
 1 1
32 0
 1 -64
 6 -1
 1 32767
55 0
 1 -1024
 6 -1
 1 17
22 0
 1 224
32 0
 1 -2
12 -1
 1 511
 5 0
 1 4032
42 0
 7 -1
 1 255
35 0
 1 28672
19 0
 1 -24
 5 -1
 1 1
18 0
 1 8760
 1 15872
35 0
 1 -8
 6 -1
 1 1
45 0
 1 1024
71 0
 1 -32
 6 -1
 1 4095
55 0
 1 -16
 5 -1
 1 -28673
 1 -4096
 1 1
42 0
 1 2048
 1 -4
 1 7
 7 0
 1 -32768
13 -1
 1 2047
47 0
 1 -2048
 8 -1
 1 15
54 0
 1 -2
 7 -1
 1 1
 7 0
 1 -128
 1 28
 1 -1024
 1 2047
14 0
 1 8192
10 0
 1 -32768
16 0
 1 -64
 7 -1
 1 7
 1 51
14 0
 1 60
34 0
 1 -128
 1 -1
 1 2047
 1 -32768
13 -1
 1 16383
48 0
 1 -256
 6 -1
 1 31
54 0
 1 -4096
 7 -1
 1 31
14 0
 1 -1
 1 31
 1 480
37 0
 1 -1024
13 -1
 1 1023
10 0
 1 -128
 1 8191
35 0
 1 -16384
13 -1
 1 2047
46 0
 1 -8192
 1 0
 1 -64
14 -1
 1 2047
 1 960
28 0
 1 112
 1 0
 1 16
 1 488
 4 0
 1 -32768
 9 0
 1 -1024
13 -1
 1 543
26 0
 1 -8192
 1 63
 1 -1
18 0
 1 -64
 6 -1
 1 8191
12 0
 1 -16384
 1 255
 1 -8
 1 31
 1 1023
 1 12
10 0
 1 4032
 4 0
 1 -32768
 1 -1
 1 3
19 0
14 -1
 1 8191
47 0
 1 -1024
 6 -1
 1 31
12 0
 1 120
41 0
 1 -16384
 7 -1
 1 31
54 0
 1 -128
 6 -1
 1 2047
47 0
 1 -8192
 1 1
 6 0
 1 -16
13 -1
21 0
 1 2048
27 0
 1 -64
 6 -1
 1 31
54 0
 1 -64
12 -1
 1 15
49 0
 1 -8
 5 -1
 1 16383
 7 0
 1 16128
47 0
 1 -32
 6 -1
 1 7
54 0
 1 -1024
 7 -1
 1 31
 1 32748
35 0
 1 384
17 0
 1 -64
12 -1
 1 8191
26 0
 1 -32768
 1 496
11 0
 1 7
 8 0
 1 -32768
13 -1
 1 15
 9 0
 1 -4096
 1 504
19 0
 1 504
17 0
 1 -60
 6 -1
 1 4095
34 0
 1 192
 1 96
18 0
 1 -32
13 -1
 1 511
16 0
 1 64
12 0
 1 64
11 0
 1 -16
 1 -513
 1 511
 4 0
 1 -256
11 -1
 1 4095
36 0
 1 -256
 1 -1
 1 127
 1 0
 1 4096
 8 0
 1 -128
 7 -1
11 0
 1 384
 3 0
 1 16
38 0
 1 -16384
 7 -1
 1 7
19 0
 1 2048
 1 -1
 1 1
23 0
 1 -32544
 2 -1
 1 -4095
 1 3967
 1 0
 1 7936
 1 2
 2 0
 7 -1
 1 511
25 0
 1 -8132
 1 3
27 0
 1 -16
 6 -1
 1 2047
12 0
 1 4096
 1 16
11 0
 1 24576
28 0
 1 -32768
 6 -1
 1 63
55 0
 1 -4
12 -1
 1 16383
48 0
 1 -16
13 -1
 1 255
24 0
 1 7198
 1 896
 5 0
 1 8
 1 -287
 1 1
14 0
 1 -256
 6 -1
 1 3
15 0
 1 2
38 0
 1 -32
 6 -1
 1 7
30 0
 1 1024
16 0
 1 15
 6 0
 1 -16384
14 -1
 1 15
 4 0
 1 2032
 2 0
 1 -32
 1 63
 1 0
 1 -8192
 1 511
35 0
 1 -32
 6 -1
 1 255
44 0
 1 -32768
 1 -7168
 1 2023
 1 -3074
 1 3
 6 0
 1 -256
 6 -1
 1 4095
55 0
 1 -2
 4 -1
 1 -16385
 1 15374
55 0
 1 -896
14 -1
 1 2047
 3 0
 1 1024
20 0
 1 -256
 1 3
20 0
 1 -8192
 6 -1
 1 8191
56 0
 1 -4
 5 -1
 1 16383
 6 0
 1 8
47 0
 1 -64
13 -1
 1 31
24 0
 1 8
23 0
 1 -32
 5 -1
 1 511
55 0
 1 -2048
 7 -1
 1 127
30 0
 1 -4096
 1 3
 2 0
 1 60
18 0
 1 -8192
 6 -1
 1 2047
55 0
 1 -1024
13 -1
 1 1023
 1 1036
 1 96
23 0
 1 -32
 1 319
 1 4032
 2 0
 1 -2048
 1 3103
 8 0
 1 48
 7 0
 1 -256
 6 -1
 1 8191
53 0
 1 4096
 1 -4
 7 -1
 1 3
32 0
 1 16
17 0
 1 1536
 1 206
 1 2
 1 -1024
15 -1
 1 1023
46 0
 1 -16384
 6 -1
 1 6399
54 0
 1 -16384
 6 -1
 1 2047
56 0
12 -1
 1 1023
18 0
 1 -2048
 1 30
10 0
 1 -32768
 1 2047
14 0
 1 -1024
 1 -12797
 1 -2048
 8 -1
 1 3
53 0
 1 -4
 7 -1
 1 159
54 0
 1 -4
 6 -1
 1 255
99 0
19 0
 6 -1
 1 511
 8 0
 1 -15392
 1 15
45 0
 1 -4
12 -1
 1 15
48 0
 1 -480
11 -1
 1 8191
45 0
 1 16384
 3 0
 1 -4096
 7 -1
49 0
 1 8192
 4 0
 1 -1024
 7 -1
 1 7
42 0
 1 4096
12 0
 1 -8
13 -1
 1 3
 1 0
 1 4096
45 0
 1 8192
 1 -2
 4 -1
 1 8191
17 0
 1 -16384
 1 4095
 1 0
 1 -1024
 1 255
33 0
 1 -1024
12 -1
 1 31
11 0
 1 -64
 1 255
10 0
 1 995
25 0
 1 -4
 6 -1
 1 31
32 0
 1 28672
11 0
 1 8188
 9 0
 1 -1024
 7 -1
 1 127
53 0
 1 -16384
 7 -1
 1 3
27 0
 1 30720
26 0
 1 -256
 7 -1
 1 255
32 0
 1 2288
 5 0
 1 -4096
15 0
13 -1
 1 8191
14 0
 1 -1760
 1 -4033
 1 31
32 0
 1 -2
 1 -497
13 -1
 1 1
41 0
 1 256
 4 0
 1 -4
12 -1
 1 8191
44 0
 1 -15360
 2 -1
 1 -32768
 7 -1
 1 255
54 0
 1 -16384
 6 -1
 1 4095
 7 0
 1 56
48 0
 6 -1
 1 3327
16 0
 1 28672
 1 512
 1 -8192
 1 16383
19 0
 1 124
15 0
12 -1
 1 32767
27 0
 1 16384
 1 127
21 0
 1 -4
 6 -1
 1 15
48 0
 1 3072
 5 0
 1 -64
13 -1
 1 3
 1 112
31 0
 1 6144
 1 16191
 3 0
 1 9216
 9 0
 1 -16384
 1 -2
12 -1
 1 127
 3 0
 1 2048
22 0
 1 24576
14 0
 1 -2048
 2 -1
 1 31
 3 0
 1 -32
 6 -1
 1 32767
54 0
 1 -128
 7 -1
 1 15
53 0
 1 -8192
13 -1
 1 15
48 0
 1 -2048
13 -1
 1 1
 3 0
 1 -8192
 1 127
 1 0
 1 -512
 1 1823
 1 128
39 0
 1 -2
 6 -1
 1 7
45 0
 1 -16384
 1 8064
 3 0
 1 16
 1 0
 1 -32768
 1 1
 1 -16384
14 -1
 1 1
40 0
 1 -32768
 1 7
 5 0
 1 -2
 7 -1
 1 1023
24 0
 1 2
 1 8192
27 0
 1 -512
 7 -1
 1 4095
49 0
 1 -4096
 1 511
 1 32767
 1 0
 1 -1024
 7 -1
 1 63
12 0
 1 -28688
 1 16383
 1 112
39 0
 1 -4
 6 -1
 1 63
15 0
 1 2048
 5 0
 1 16256
 1 1986
13 0
 1 384
 9 0
 1 -32768
 1 24579
 7 0
 1 -16
 6 -1
 1 511
49 0
 1 24576
 4 0
 1 -16384
 6 -1
 1 32767
14 0
 1 384
40 0
 1 -256
12 -1
 1 15
48 0
 1 -4096
13 -1
 1 7
20 0
 1 -16384
 1 31
26 0
 8 -1
 1 31
10 0
 1 -32768
42 0
 1 -256
 7 -1
 8 0
 1 4096
 2 0
 1 30
 9 0
 1 -16384
 1 7
 1 3
31 0
 1 -2
12 -1
 1 32767
40 0
 1 64
 7 0
 1 -16384
 8 -1
 1 -953
 1 35
52 0
 1 -2
 6 -1
 1 32767
20 0
 1 3
33 0
 1 -16384
 6 -1
 1 63
43 0
 1 2016
 1 4096
10 0
 1 -128
12 -1
 1 32767
 2 0
 1 8192
17 0
 1 -32768
28 0
 1 -4
 5 -1
 1 2047
 1 60
26 0
 1 103
 1 28
 1 32766
 1 16
23 0
 1 -8192
 7 -1
 1 4095
 7 0
 1 -16384
46 0
 1 -16384
12 -1
 1 2047
24 0
 1 32736
24 0
 1 -256
 6 -1
 1 -2017
 1 7
32 0
 1 1024
21 0
 1 -64
 5 -1
 1 1535
54 0
 1 -32768
 7 -1
 1 511
54 0
 1 -128
13 -1
 1 1023
48 0
 1 -16
 7 -1
 1 255
51 0
 1 960
 1 0
 1 -4096
 6 -1
 1 32767
 3 0
 1 -8
 1 15
50 0
 1 -32
14 -1
43 0
 1 4032
 3 0
 1 -28672
 6 -1
 1 8191
 1 252
 7 0
 1 -512
 1 31
25 0
 1 -24832
 1 31
18 0
 1 -8
 6 -1
 1 -16381
54 0
 1 -2048
14 -1
 1 -128
 9 0
 1 504
37 0
 1 -512
 5 -1
 1 8191
55 0
 1 -1024
 6 -1
 1 16383
 1 960
54 0
 1 -4
 6 -1
 1 127
99 0
18 0
 1 -120
 7 -1
 1 2047
48 0
 1 1
 5 0
 1 -16
 6 -1
 1 31
19 0
 1 504
 1 8216
 1 -32768
32 0
 1 -4096
 6 -1
 1 511
33 0
 1 1008
21 0
 1 -744
13 -1
 1 7
47 0
 1 -4096
 6 -1
 1 4095
54 0
 1 -4096
13 -1
 1 1
48 0
 1 -2048
 6 -1
 1 4095
27 0
 1 -1024
 1 0
 1 -103
 1 -1
 1 8223
23 0
 1 -2
12 -1
 1 63
47 0
 1 -8192
13 -1
 1 63
49 0
 1 -4
13 -1
 1 3
37 0
 1 48
 9 0
 1 -1792
 6 -1
 1 511
20 0
 1 112
21 0
 1 -128
 1 -1
 1 4099
10 0
 1 -8
13 -1
 1 1791
47 0
 1 -8
 6 -1
 1 63
11 0
 1 3072
42 0
 1 -16384
 8 -1
 5 0
 1 -2048
 1 31
16 0
 1 -32768
 1 63
28 0
 1 16384
 7 -1
 1 31
24 0
 1 12
29 0
 1 -32768
 6 -1
 1 32767
23 0
 1 -8192
 1 1
 1 18336
12 0
 1 3196
16 0
 7 -1
 1 4095
30 0
 1 -32768
 1 19
22 0
 1 -8192
 6 -1
 1 4095
10 0
 1 16352
 1 0
 1 15881
 2 0
 1 256
39 0
 1 -8192
12 -1
 1 1
37 0
 1 1024
 1 64
 1 96
 1 0
 1 384
 6 0
 1 -8192
 7 -1
 1 1023
41 0
 1 -2048
 1 127
11 0
 1 -126
11 -1
 1 4095
11 0
 1 -32768
37 0
 1 -256
 7 -1
52 0
 1 -32768
 1 3
 1 -16384
 8 -1
 1 1023
53 0
 1 -16384
 1 -3
 5 -1
 1 255
55 0
 1 -32
 6 -1
 1 511
55 0
 1 -4
 6 -1
 1 31
44 0
 1 128
 1 -256
 1 -1
 1 15
 6 0
 1 -512
 6 -1
 1 63
 1 9216
 3 0
 1 16512
49 0
 1 -32768
 7 -1
 1 16355
54 0
 1 -8
 6 -1
 1 1023
31 0
 1 64
23 0
 1 -8
12 -1
 1 1011
48 0
 1 -64
 6 -1
 1 511
54 0
 1 -256
 8 -1
 1 127
30 0
 1 8
22 0
 1 -2
 7 -1
 1 3
30 0
 1 16256
22 0
 1 -1792
 7 -1
 1 1
54 0
 1 -2048
13 -1
 1 15
10 0
 1 1984
 1 31
35 0
 1 -14336
 7 -1
 1 2047
 1 0
 1 4064
 5 0
 1 14
22 0
 1 -16384
 1 7
15 0
 1 -3840
 1 -769
 1 -3953
 1 4095
 3 0
 1 -1024
 6 -1
 1 4095
46 0
 1 -8192
 7 0
 1 -8192
 1 -7681
 6 -1
 1 1
11 0
 1 768
 1 8192
 1 0
 1 -31744
16 0
 1 48
17 0
 1 4094
 4 0
 1 -64
13 -1
 1 4095
32 0
 1 3968
15 0
 1 -8
 6 -1
 1 15
54 0
 1 -416
 6 -1
 1 127
 4 0
 1 8
39 0
 1 14
 9 0
 1 -512
 5 -1
 1 1023
56 0
 1 -4
12 -1
 1 255
37 0
 1 7680
 1 24
 9 0
 1 -16384
 6 -1
 1 32767
55 0
 1 -4
 6 -1
 1 32767
16 0
 1 -32768
 1 1
 1 4092
 1 64
 1 496
13 0
 1 1536
 5 0
 1 4096
13 0
 1 -512
13 -1
 1 32767
48 0
 1 -4096
 6 -1
 1 1023
19 0
 1 -128
 1 127
28 0
 1 1984
 4 0
 1 -64
 7 -1
 1 48
54 0
 1 -32288
 8 -1
 1 8191
28 0
 1 240
24 0
 1 -2
13 -1
 1 255
20 0
 1 26624
25 0
 1 -32768
 9 -1
 1 1
18 0
 1 256
30 0
 1 -64
 2 0
 1 -32768
 6 -1
 1 4095
28 0
 1 -32768
 1 255
25 0
 1 -8
12 -1
 1 15
41 0
 1 -32768
 1 -63
 1 -16257
 5 0
 1 -58
 7 -1
30 0
 1 640
23 0
 7 -1
 1 255
16 0
 1 112
17 0
 1 -32768
 1 32743
18 0
 1 -8192
12 -1
 1 8191
 2 0
 1 16384
 1 62
34 0
 1 -8
 1 32767
 7 0
 1 -24576
 1 -8161
 7 -1
 1 3
54 0
 1 -256
 7 -1
 1 1
54 0
 1 -16
 6 -1
 1 63
19 0
 1 -512
 1 1
66 0
 1 15872
28 0
 1 -32768
 7 -1
 1 2047
44 0
 1 508
 9 0
 1 -8192
 7 -1
 1 16383
21 0
 1 16384
 1 -512
 1 -16381
 1 6175
29 0
 1 -16
13 -1
 1 7
37 0
 1 2048
 9 0
 1 -4096
13 -1
 1 511
24 0
 1 56
22 0
 1 -4096
14 -1
 1 3
47 0
 1 -2048
13 -1
49 0
 1 -2
 7 -1
 1 1023
46 0
 1 3840
 1 -64
 5 0
 1 -32
12 -1
 1 8191
49 0
 1 -4
 7 -1
 1 255
 1 31
52 0
 1 -64
13 -1
 1 3
23 0
 1 32
 8 0
 1 -32000
15 0
 1 -4
 6 -1
 1 15
54 0
 1 -4096
 7 -1
 1 399
54 0
 1 -128
12 -1
 1 7
49 0
 1 -4
 6 -1
 1 127
54 0
 1 -256
 6 -1
 1 4095
33 0
 1 1
20 0
 1 -32
 6 -1
 1 1023
 4 0
 1 256
25 0
 1 2048
 2 0
 1 -2048
 1 159
 5 0
 1 2016
12 0
 1 -16384
 1 -16
 6 -1
 1 16383
49 0
 1 32736
 5 0
 1 -64
 8 -1
 1 127
11 0
 1 25600
 1 -14082
 1 -25569
 1 1
 2 0
 1 8
13 0
 1 32512
21 0
 1 -512
11 -1
 1 -8193
 1 3975
44 0
 1 2048
 3 0
 1 -64
 6 -1
 1 16383
 1 64
46 0
 1 -16384
 1 -1
 1 511
 5 0
 1 -4
12 -1
 1 8191
48 0
 1 -128
13 -1
 1 1
 8 0
 1 8
39 0
 1 -20
 7 -1
55 0
 1 -32
 5 -1
 1 32767
55 0
 1 -4
 7 -1
 1 4095
54 0
 1 -4
 6 -1
 1 -4033
42 0
 1 8192
11 0
 1 -4048
 5 -1
 1 511
41 0
 1 1536
 1 -32568
 1 0
 1 -512
 1 -1
 9 0
 1 -24576
 7 -1
 1 3
 7 0
 1 -1024
 1 -16
 1 1023
43 0
 1 -8192
13 -1
 1 16383
30 0
 1 1008
 1 -32768
 1 3
 5 0
 1 -2048
 1 8191
 8 0
 1 -128
14 -1
 1 3
17 0
 1 384
 1 31872
 1 992
 1 -96
 1 1
11 0
 1 -12288
 1 1023
 1 8176
11 0
 1 -352
 7 -1
 1 7
27 0
 1 256
20 0
 2 -1024
 1 63
 3 0
 7 -1
 1 1023
54 0
 1 -512
 6 -1
 1 15
 9 0
 1 24
 1 1024
43 0
 1 -1024
 7 -1
 1 1023
33 0
 1 1984
 1 0
 1 -4089
 1 1
17 0
 1 -16
12 -1
 1 8191
 1 1952
41 0
 1 4048
 6 0
 7 -1
 1 3
54 0
 1 -240
 7 -1
 1 1
36 0
 1 896
16 0
 1 -64
 7 -1
 1 7
25 0
 1 32640
28 0
 1 -2048
13 -1
 1 16383
48 0
 1 -4
 6 -1
 1 31
19 0
 1 -128
 1 1
28 0
 1 8152
 1 12
 3 0
 1 -16
 6 -1
 1 -32641
 1 1023
53 0
 1 -16
 8 -1
 1 8
10 0
 1 -64
 1 3
12 0
 1 -512
 1 16368
13 0
 1 3584
13 0
 1 -24
12 -1
 1 1791
17 0
 1 -8192
30 0
 1 -8192
 7 -1
 1 15
43 0
 1 25600
11 0
 1 -4
 4 -1
 1 32767
55 0
 1 7168
 1 -8
12 -1
 1 79
20 0
 1 28
12 0
 1 28672
 1 0
 1 2056
12 0
 1 -8
 6 -1
 1 31
15 0
 1 16384
 4 0
 1 256
15 0
 1 3
18 0
 1 -64
 5 -1
 1 127
52 0
 1 408
 1 0
 1 -512
 6 -1
 1 4095
56 0
 1 -8
12 -1
 1 1023
15 0
 1 4096
13 0
 1 992
13 0
 1 -256
 1 1
 3 0
 1 -512
 6 -1
 1 1023
 1 -2048
 1 63
52 0
 1 -2048
 7 -1
 1 1023
45 0
 1 8190
 8 0
 1 -4
13 -1
 1 16383
47 0
 1 -2048
 8 -1
 1 15
52 0
 1 -32768
 7 -1
 1 6207
 2 0
 1 248
 1 126
 5 0
 1 32512
 4 0
 1 4
32 0
 1 -16384
 1 63
 5 0
 1 -1024
14 -1
 1 -32257
 1 7
44 0
 1 252
 1 0
 1 -112
 7 -1
 1 1279
41 0
 1 -64
 1 127
10 0
 1 -32768
 6 -1
 1 1
23 0
 1 -8192
31 0
 1 -64
 6 -1
 1 3327
 8 0
 1 -4096
 1 15
12 0
 1 770
 1 992
17 0
 1 8192
38 0
 1 6144
 1 -8192
 2 0
 1 7936
 2 0
 1 16384
 1 512
 5 0
 1 56
17 0
 1 30
 1 -4
 1 15
 2 0
 1 -128
 6 -1
 1 1023
28 0
 1 -6144
 1 -3073
 1 3
23 0
 1 -64
13 -1
 1 -6145
 1 -1
 1 3
46 0
 1 -8
13 -1
 1 1
47 0
 1 -26624
12 -1
 1 16383
37 0
 1 1024
11 0
 1 -2
 6 -1
 1 127
50 0
 1 2
 3 0
 1 -256
 7 -1
 1 4095
30 0
 1 -40
 1 -16113
 1 7
 1 960
 1 24576
 1 -3616
18 0
 1 -4096
12 -1
 1 127
49 0
 1 -4096
12 -1
 1 2047
 6 0
 1 6144
39 0
 1 -1536
 9 -1
 1 7
23 0
 1 -4096
 1 7
 8 0
 1 16384
 1 -4
 1 -1
 1 8
15 0
 1 -32768
 8 -1
 1 15
16 0
 1 -2048
 3 0
 1 32
34 0
 5 -1
 1 16383
55 0
 1 -1024
 8 -1
 1 1
 2 0
 1 8160
46 0
 1 -64
 1 116
 2 0
 1 -2
 6 -1
 1 511
 9 0
 1 252
20 0
 1 -256
23 0
 1 -16384
 7 -1
 1 2047
27 0
 1 112
26 0
 1 -4096
 6 -1
 1 32767
42 0
 1 1536
11 0
 1 -32768
 7 -1
 1 1007
19 0
 1 16320
 1 3
33 0
 1 -32
 7 -1
 1 1023
19 0
 1 -32576
34 0
 7 -1
 1 3
 9 0
 1 128
 5 0
 1 -2048
 1 7
14 0
 1 480
22 0
 1 -8
13 -1
 1 -15609
 1 995
16 0
 1 -1028
 1 1
25 0
 1 -64
 1 3
 1 0
 1 -512
 6 -1
 1 255
55 0
 1 -32
12 -1
 1 18431
48 0
 1 -32768
 7 -1
 1 255
 7 0
 1 2048
28 0
 1 -32768
 1 32
16 0
 1 -3072
12 -1
 1 127
48 0
 1 -4096
 1 -49
 5 -1
 1 23
50 0
 1 -4096
 1 511
 2 0
 1 -8192
 6 -1
 1 16383
28 0
 1 -32768
 1 4
26 0
 1 -128
 5 -1
 1 127
 8 0
 1 14
11 0
 1 24576
 1 2
30 0
 1 1536
 2 0
 1 -2
 5 -1
 1 4095
15 0
 1 -128
 1 1
26 0
 1 -4096
 1 255
10 0
 1 -1024
 7 -1
 1 511
54 0
 1 -256
13 -1
 1 32767
35 0
 1 14336
11 0
 1 -128
13 -1
 1 2023
 1 4
 8 0
 1 1024
38 0
 1 -28
 5 -1
 1 511
 1 0
 1 8
29 0
 1 -32
 1 3
 1 0
 1 480
 3 0
 1 -20480
 1 1009
16 0
 1 -8
 5 -1
 1 16383
 6 0
 1 6
34 0
 1 3072
12 0
 1 -32768
 1 -4
 7 -1
 1 7943
32 0
 1 124
13 0
 1 16384
 6 0
 1 -4096
 6 -1
 1 32767
11 0
 1 2
43 0
 1 -4
12 -1
 1 7
10 0
 1 -32
 1 4095
37 0
 1 -64
 5 -1
 1 4095
 7 0
 1 4096
20 0
 1 1
26 0
 1 -12
 6 -1
 1 18431
23 0
 1 -256
 2 -1
28 0
 1 -2048
 6 -1
 1 2047
55 0
 1 -16
11 -1
 1 16383
50 0
 1 -2
 6 -1
 1 127
 9 0
 1 32766
 1 -2048
 1 3
 1 256
40 0
 1 -16384
 8 -1
 1 769
53 0
 1 -1024
 8 -1
 1 8191
53 0
 1 -32
13 -1
 1 32767
29 0
 1 4
18 0
 1 -32
 6 -1
 1 255
 1 252
53 0
 1 -64
 6 -1
 1 63
40 0
 1 14
14 0
 1 -8
16 -1
 1 -8129
 1 127
43 0
 1 4096
 1 -2
 5 -1
 1 32767
54 0
 1 -512
 6 -1
 1 32767
21 0
 1 -4096
34 0
 1 -2
 4 -1
 1 32767
 7 0
 1 -16
 1 63
 1 0
 1 8
 1 768
33 0
 1 64
 9 0
 1 -14336
13 -1
 1 15
42 0
 1 -32768
 1 1
 4 0
 1 -2048
 5 -1
 1 1023
20 0
 1 -2
35 0
 1 -2
 6 -1
 1 3
40 0
 1 7
 9 0
 1 76
 3 0
 1 -8192
12 -1
 1 79
27 0
 1 3968
18 0
 1 20464
 1 2016
 1 -512
 7 -1
 1 32767
 1 32764
 1 -32
41 0
 1 -1024
 1 3
 5 0
 1 -7296
 1 8191
 1 20446
 1 0
 1 -2
 6 -1
 1 31
37 0
 1 -256
 1 -1
 1 31
15 0
 1 -64
 1 -2
11 -1
 1 15
48 0
 1 -96
 6 -1
 1 511
54 0
 1 -256
 8 -1
 1 1
 8 0
 1 248
44 0
 1 -96
 6 -1
 1 31
 8 0
 1 1792
 1 60
48 0
 1 -96
 1 1055
 2 0
 1 61
 1 384
21 0
 1 4
31 0
 1 -2048
 6 -1
 1 143
46 0
 1 -32768
 1 4095
 6 0
 1 -128
 7 -1
 1 3855
 1 2044
 1 3840
 1 260
 2 0
 1 1984
48 0
 1 -4
 6 -1
 1 2047
34 0
 1 15408
 5 0
 1 128
14 0
 1 -2
12 -1
 1 63
18 0
 1 16384
 1 -2
 1 -1
 1 -97
 1 31
25 0
 7 -1
 1 -953
 1 15
12 0
 1 -16384
 1 7
39 0
 1 -32
13 -1
 1 -33
 1 7
12 0
 1 -1024
22 0
 1 -1024
 1 0
 1 224
 1 -31760
 1 127
 7 0
 1 -2048
 5 -1
 1 32767
18 0
 1 32
18 0
 1 -960
 1 7
 3 0
 1 12288
13 0
 7 -1
55 0
 1 -16
 5 -1
 1 16383
16 0
 1 992
29 0
 1 -128
 1 -1
 1 255
 6 0
 1 -1536
12 -1
 1 16383
 1 -121
 1 127
15 0
 1 1920
31 0
 1 -32768
13 -1
 1 2047
 1 -3136
 1 15
33 0
 1 50
 1 4096
10 0
 1 -512
13 -1
 1 2047
48 0
 1 -160
12 -1
 1 511
32 0
 1 384
15 0
 1 -4096
10 -1
 1 1
 3 0
 1 -16384
 1 3
46 0
 1 -32
 6 -1
 1 255
25 0
 1 48
11 0
 1 -3584
 1 -3073
 1 1536
 2 0
 1 48
 9 0
 1 6144
 1 31
 1 -64
 6 -1
 1 2047
55 0
 1 -8
 8 -1
 1 30720
30 0
 1 960
12 0
 1 1920
 4 0
 1 6144
 1 0
 1 3992
 1 0
 1 -512
 7 -1
 1 8191
 6 0
 1 2048
 1 1022
46 0
 1 -128
12 -1
 1 32767
25 0
 1 -32768
 1 31
11 0
 1 25632
 9 0
 1 -2048
 6 -1
 1 255
 1 8
 1 0
 1 28672
51 0
 1 -32768
15 -1
 1 1
47 0
 1 -128
12 -1
 1 2047
 9 0
 1 -6144
 1 -63
 1 -1
 1 2047
35 0
 1 -8
13 -1
 1 -33
 1 -1
 1 1
45 0
 1 -24640
 1 -15
 5 -1
 1 511
20 0
 1 7744
34 0
 1 -256
 7 -1
 1 31
53 0
 1 -4096
 7 -1
 1 32767
 8 0
 1 12288
33 0
 1 -30976
 1 2032
 1 -32272
 9 0
 1 -32
 7 -1
 1 255
25 0
 1 48
28 0
 1 -2
 5 -1
 1 8191
10 0
 1 -64
 1 1
 4 0
 1 384
38 0
 1 -64
 7 -1
 1 3
42 0
 1 -3584
 1 7
 2 0
 1 24576
 1 -8
 1 16383
 1 62
 3 0
 1 -2048
14 -1
 1 63
32 0
 1 12
 1 -512
 1 8191
12 0
 1 -512
 6 -1
 1 255
 6 0
 1 16
29 0
 1 1024
18 0
 1 -4094
 1 -25
 7 -1
 1 15
 5 0
 1 -2048
 1 63
 1 768
14 0
 1 24576
30 0
 1 -128
 5 -1
 1 127
54 0
 1 -2048
 7 -1
 1 3
54 0
 1 -32
12 -1
 1 4095
37 0
 1 -512
 1 1
 9 0
 1 -8192
 7 -1
 1 63
38 0
 1 32
15 0
 1 -32
 7 -1
 1 15
12 0
 1 2040
39 0
 1 96
 1 -64
 7 -1
 1 1023
54 0
 1 -512
12 -1
 1 1023
23 0
 1 -32767
 1 1
18 0
 1 3840
 4 0
 1 -2048
 6 -1
 1 4095
 3 0
 1 3072
52 0
 7 -1
 1 2079
 1 944
 6 0
 1 -1792
 1 -56
 1 -1
 1 8191
 1 -11
 1 32543
 1 8
 3 0
 1 8192
 1 198
34 0
 1 -8192
 7 -1
 1 31
40 0
 1 -64
 1 4
12 0
 1 -512
12 -1
 1 -32513
 6 0
 1 -2048
 1 7
40 0
 1 -4096
 6 -1
 1 1023
56 0
 6 -1
 1 8703
45 0
 1 6152
 1 0
 1 1536
 6 0
 1 -128
14 -1
 1 2047
 6 0
 1 -48
 1 -5057
 1 2047
21 0
 1 4
17 0
 1 -256
 5 -1
 1 -16129
 1 15
 9 0
 1 -64
 1 -3969
 1 -1
 1 385
25 0
 1 -16384
 1 3
14 0
 1 -2
 5 -1
 1 63
 9 0
 1 6144
 7 0
 1 -2048
 1 543
17 0
 1 16
18 0
 1 -64
 7 -1
 1 2047
11 0
 1 16384
 1 -24576
 1 511
 1 128
38 0
 1 -32768
13 -1
 1 255
48 0
 1 -256
 5 -1
 1 2047
56 0
 1 -8
 6 -1
 1 2047
 8 0
 1 32736
 1 6
13 0
 1 28672
30 0
 1 -16
12 -1
 1 32767
48 0
 1 12288
 7 -1
 1 -16893
54 0
 1 -64
 7 -1
51 0
 1 -32768
 3 0
 1 -4
12 -1
 1 2047
 1 4095
47 0
 1 -32
 6 -1
 1 127
27 0
 1 -226
 1 -1
 1 -4033
 1 127
23 0
 1 -128
 7 -1
 1 1
54 0
 1 -16384
 6 -1
 1 8191
 1 0
 1 1
49 0
 1 8640
54 0
 1 -32768
 1 32256
 9 0
 1 -2
 6 -1
 1 16383
12 0
 1 -4
 1 15
 1 -28657
39 0
 1 -1024
 7 -1
 1 31
54 0
 1 -32
 6 -1
 1 63
26 0
 1 8064
 1 128
27 0
 7 -1
 1 7
29 0
 1 -1000
 3 0
 1 224
 1 254
 3 0
 1 242
14 0
 1 -32768
 1 -7
12 -1
 1 63
33 0
 1 16
 1 4088
 3 0
 1 7680
 1 994
 8 0
 1 -4096
13 -1
 1 -16385
23 0
 1 896
25 0
 1 -1024
 6 -1
 1 63
53 0
 1 -2048
 7 -1
 1 3
10 0
 1 12
13 0
 1 96
 1 4092
 6 0
 1 2048
 1 32
 7 0
 1 6
 2 0
 1 -32768
 1 3
 3 0
 1 126
 4 0
 1 -32
 7 -1
 1 57
28 0
 1 8
25 0
 1 -32
11 -1
 1 4095
49 0
 1 -512
13 -1
 1 8185
27 0
 1 -8192
 1 16383
 3 0
 1 -16384
 2 -1
 1 -32761
 1 0
 1 126
10 0
 1 -8
 5 -1
 1 1279
15 0
 1 -4096
 1 63
34 0
 1 24
 1 0
 1 977
 1 0
 1 -1024
14 -1
 1 511
46 0
 1 -16384
12 -1
 1 32767
49 0
 1 -16
12 -1
 1 1023
 1 -256
 1 31
46 0
 1 -32768
 7 -1
 1 127
19 0
 1 -256
 1 -1
 1 255
 1 48
 6 0
 1 2304
 3 0
 1 -28672
 1 7
 1 -32768
18 0
 1 -16
 6 -1
 1 511
51 0
 1 96
 2 0
 1 -16384
 7 -1
 1 32767
37 0
 1 17280
 1 -14848
 1 769
14 0
 1 -1024
12 -1
 1 8191
23 0
 1 240
25 0
 1 -56
 7 -1
 1 7743
47 0
 1 -16384
 1 0
 1 24
 3 0
 1 -16384
14 -1
 1 3
45 0
 1 -32
 8 -1
 1 511
18 0
 1 1008
 1 2046
34 0
 1 -8192
 6 -1
 1 32767
17 0
 1 -16384
 1 4095
 1 24576
 1 4095
33 0
 1 -2048
14 -1
 1 255
22 0
 1 80
24 0
 9 -1
46 0
 1 256
 7 0
 1 -64
 7 -1
 1 1
 6 0
 1 3
 3 0
 1 -4096
 1 127
14 0
 1 16384
 1 16128
25 0
 1 -1024
 7 -1
 1 1
38 0
 1 8
14 0
 1 -8192
 7 -1
 1 511
39 0
 1 -832
 1 -1
 1 4095
 4 0
 1 24
 7 0
 1 -64
13 -1
 1 -8161
 1 15369
 1 7
 8 0
 1 -4
18 0
 1 -12288
 1 8191
 1 896
16 0
 1 -8
12 -1
 1 15
20 0
 1 240
14 0
 1 -4
 1 3
11 0
 1 -4
 6 -1
 1 4095
44 0
 1 32259
 1 16
 8 0
 1 -32768
 6 -1
 1 -16129
 1 7
51 0
 1 -1024
 1 15
 1 -32768
 7 -1
 1 4095
38 0
 1 127
16 0
 1 -2
 8 -1
 1 3
18 0
 1 3
 1 32
18 0
 1 -1024
 1 1023
12 0
 1 -2048
13 -1
 1 8191
 1 -2
13 0
 1 192
14 0
 1 32640
17 0
 1 -16384
 7 -1
 1 1
26 0
 1 -8184
 1 -1
 1 769
25 0
 1 -64
 6 -1
 1 4095
 1 2
30 0
 1 -4
 1 3
 1 0
 1 8192
19 0
 1 -8192
 7 -1
 1 15
54 0
 1 -4
12 -1
 1 255
21 0
 1 62
26 0
 1 -2048
 7 -1
 1 3
 1 -32768
 1 2047
18 0
 1 -8192
 1 8191
32 0
 1 -64
 6 -1
 1 32767
16 0
 1 1008
36 0
 1 504
 1 -1024
 6 -1
 1 4095
14 0
 1 -1024
 1 2047
 2 0
 1 1039
36 0
 1 -2048
12 -1
 1 1023
 1 4480
 3 0
 1 2046
15 0
 1 -4096
 1 4095
 3 0
 1 64
22 0
 1 16384
 1 -2
 6 -1
 1 255
21 0
 1 8192
 1 127
19 0
 2 -1
 1 3
 9 0
 1 -2048
 6 -1
 1 32767
 1 -256
 1 6543
 1 28672
51 0
 1 -2048
15 -1
 1 2047
25 0
 1 16256
10 0
 1 16152
 9 0
 1 -32
 7 -1
 8 0
 1 4
22 0
 1 2048
22 0
 1 -32768
 7 -1
 1 511
42 0
 1 -32768
 1 7
10 0
 1 -512
 6 -1
 1 511
16 0
 1 1183
38 0
 1 -8
11 -1
 1 8191
49 0
 1 -16
 7 -1
 1 1023
43 0
 1 460
10 0
 1 -8
 5 -1
 1 1023
 1 0
 1 4095
 1 63
52 0
 1 -4
14 -1
 1 975
46 0
 1 -16384
 8 -1
 1 3
33 0
 1 2048
 1 8191
18 0
 1 -1024
 6 -1
 1 2047
55 0
 1 -128
12 -1
 1 3
48 0
 1 -2048
 6 -1
 1 4095
39 0
 1 -512
 1 31
14 0
 1 -8
 6 -1
 1 16383
52 0
 1 1792
 1 0
 1 -2
 7 -1
 1 1
68 0
 1 -2044
 1 255
10 0
 1 -512
 1 1023
20 0
 1 16384
 6 0
 1 768
 6 0
 1 -64
 6 -1
 1 32767
 1 -24
 1 -63
10 0
 1 -16384
 1 2046
 5 0
 1 1
34 0
 1 -16384
12 -1
 1 8191
 1 8
41 0
 1 -32768
 1 8191
 5 0
 1 -16
13 -1
 1 -207
 1 1
46 0
 1 -16384
 7 -1
 1 16383
 6 0
 1 7168
47 0
 1 -2048
 7 -1
 1 8191
16 0
 1 26608
37 0
 7 -1
 1 15
52 0
 1 448
 1 0
 1 -128
14 -1
 1 1
43 0
 1 -2048
 1 -255
 1 31
 1 0
 1 -4
12 -1
 1 31
 4 0
 1 -4096
 1 4099
 8 0
 1 2048
 8 0
 1 8
 1 16416
 2 0
 1 1008
13 0
 1 -32768
 1 2043
 5 0
 1 -4096
 6 -1
 1 255
 7 0
 1 -32768
 1 1
 7 0
 1 -8192
 1 3968
37 0
13 -1
 1 3
22 0
 1 -8192
 1 3
24 0
 1 -2
13 -1
 1 3
 6 0
 1 12
41 0
 1 -64
12 -1
 1 15
33 0
 1 28672
 1 1086
14 0
 1 -8
 5 -1
 1 8191
42 0
 1 -32
 1 127
 6 0
 1 -8192
 1 1
 3 0
 1 -16384
 6 -1
 1 63
 7 0
 1 48
46 0
 1 -8
13 -1
 1 63
 1 496
23 0
 1 -128
 1 7
16 0
 1 -32768
 5 0
 7 -1
 1 1023
15 0
 1 14
38 0
 1 -256
 6 -1
 1 16383
55 0
 1 -2
 5 -1
 1 2047
 1 0
 1 2304
47 0
 1 3
 5 0
 1 -512
13 -1
 1 255
47 0
 1 -15616
 7 -1
 1 511
22 0
 1 -4
 1 -7169
 1 63
26 0
 1 12288
 1 2040
 1 0
 1 -96
13 -1
 1 1
10 0
 1 1024
37 0
 1 -1024
13 -1
 1 255
24 0
 1 -32
 1 31
 2 0
 1 -4604
 1 -2
17 0
 1 -4096
 7 -1
 1 56
30 0
 1 1
15 0
 1 16
 7 0
13 -1
 1 511
 1 -16256
 1 31
47 0
 1 -64
 5 -1
 1 16383
 1 56
53 0
 1 -3584
 7 -1
 1 15
 1 0
 1 16380
10 0
 1 512
 1 -8192
 1 7
39 0
 1 -1024
 6 -1
 1 2015
31 0
 1 128
22 0
 1 -256
 6 -1
 1 16383
 1 0
 1 8
46 0
 1 -256
 6 0
 1 -896
 6 -1
 1 63
35 0
 1 482
19 0
12 -1
 1 32767
49 0
 1 -32
 5 -1
 1 8191
56 0
 1 -64
 6 -1
 1 127
54 0
 1 -128
 6 -1
 1 127
41 0
 1 1920
 1 -2048
 1 -1
 1 8191
 1 -16
 1 1
 5 0
 1 3584
 2 0
 1 -8
 6 -1
 1 15
54 0
 1 -8192
13 -1
 1 31
44 0
 1 -32768
 1 -16383
 1 7169
 1 -512
 9 -1
 1 31
27 0
 1 -16384
 1 1
23 0
 1 -256
 6 -1
 1 33
55 0
 1 -8192
 6 -1
 1 32767
54 0
 1 -8192
12 -1
 1 511
 3 0
 1 -16352
 1 15
44 0
 1 -16
 6 -1
40 0
 1 1024
14 0
 1 -16
 7 -1
34 0
 1 -24832
 1 509
18 0
 1 -2048
 8 -1
 1 63
53 0
 1 -4096
14 -1
48 0
 1 -64
 5 -1
 2 511
23 0
 1 -1791
 1 8191
 5 0
 1 -2048
 1 510
 5 0
 1 1912
16 0
 1 -8192
 6 -1
 1 2047
54 0
 1 -1024
14 -1
 1 3
13 0
 1 320
33 0
 1 -32
 9 -1
 1 -63
 1 6145
51 0
 1 -512
 6 -1
 1 1
 8 0
 1 -4
16 0
 1 31772
28 0
 1 -64
 7 -1
 1 15
41 0
 1 -16384
 1 1
 7 0
 1 28672
 3 0
 1 -1024
11 -1
 1 -1025
27 0
 1 16
21 0
 1 -32
 7 -1
 1 -32642
 1 3
30 0
 1 -32768
 1 4095
 1 56
19 0
 1 -16384
 6 -1
 1 127
19 0
 1 -256
 1 3
12 0
 1 60
 1 256
 7 0
 1 1023
 9 0
 1 12289
 2 0
 1 -16384
16 -1
 1 57
 1 0
 1 30
42 0
 1 -8192
 6 -1
 1 4095
37 0
 1 3712
 1 1022
 5 0
 1 4064
 1 1024
 1 2544
 9 0
 1 -4
 6 -1
 1 511
19 0
 1 -128
 1 4095
 5 0
 1 -32
 1 -1
 1 135
 1 0
 1 2048
24 0
12 -1
 1 255
48 0
 1 -16
 7 -1
40 0
 1 16
13 0
 1 -32768
 7 -1
 1 31
 6 0
 1 -32768
21 0
 1 -4096
 1 71
 2 0
 1 16256
21 0
 1 -64
 6 -1
 1 31
24 0
 1 -896
 1 15
28 0
 1 -32768
 1 3
61 0
 1 -128
 7 -1
 1 -16383
 1 -1
 1 2047
12 0
 1 -512
 1 -1
 1 1
37 0
 1 -2
12 -1
 1 255
15 0
 1 -14280
 1 4095
31 0
 1 -16
15 -1
 1 31
46 0
 1 -4096
 6 -1
 1 15
 7 0
 1 6200
 1 3
45 0
 1 -8
 7 -1
 1 -1537
 1 16383
 5 0
 1 -1024
 1 5
46 0
 8 -1
 1 2047
11 0
 1 -896
 1 3
 9 0
 1 128
 2 0
 1 32760
 1 14
26 0
 1 -64
13 -1
 1 63
 1 32704
 1 -1272
 1 127
32 0
 1 32
 9 0
 1 64
 1 0
 1 -4096
13 -1
 1 63
 8 0
 1 992
39 0
 1 24576
 6 -1
 1 1
 5 0
 1 12
24 0
 1 192
12 0
 1 -32
 1 -225
10 0
 1 -256
12 -1
 1 255
48 0
 7 -1
 1 7
29 0
 1 -4096
25 0
 1 -16
 6 -1
 1 1023
 6 0
 1 -4096
 1 -1
 1 4095
26 0
 1 224
 1 26
 1 0
 1 -256
 1 63
 1 0
 1 4096
 1 28
11 0
14 -1
 1 -15873
 1 3
23 0
 1 -32768
23 0
 1 -4
 5 -1
 1 255
13 0
 1 -1508
 1 3
29 0
 1 -2040
 1 31
 6 0
 1 -4096
 1 209
 1 0
 1 -512
 7 -1
 1 1023
 6 0
 2 1024
 1 64
45 0
 1 -8
 6 -1
 1 -505
 1 -929
 1 -24577
 1 31
 1 60
 1 32755
 1 1984
 8 0
 1 3968
14 0
 1 -14848
 1 2047
14 0
 1 -4
 1 3
 7 0
 1 -2048
 6 -1
 1 16383
54 0
 1 -256
 7 -1
 1 63
54 0
14 -1
 1 7
48 0
 1 -256
 6 -1
 1 2047
17 0
 1 4
 3 0
 1 -4096
 1 496
31 0
 1 4096
14 -1
 1 -3969
 1 7
24 0
 1 -2048
 1 2047
19 0
 1 -128
 7 -1
 1 121
40 0
 1 32
13 0
 1 -32768
13 -1
 1 15
 1 0
 1 896
46 0
 1 -4
12 -1
 1 2047
49 0
 7 -1
 1 1023
54 0
 1 -2
 6 -1
 1 3
17 0
 1 -12800
 1 -1
 1 16383
 7 0
 1 256
26 0
 1 -256
 6 -1
 1 31
55 0
 8 -1
 1 63
12 0
 1 -32768
 1 3
39 0
 1 -8192
 5 -1
 1 16383
31 0
 1 2
24 0
 1 -4
13 -1
 1 4095
22 0
 1 -32768
 1 126
23 0
 1 -256
 6 -1
 1 7
55 0
 1 -64
 5 -1
 1 32767
 1 60
54 0
 1 -2048
 6 -1
 1 32767
46 0
 1 -4096
 1 7
 7 0
 1 -256
 6 -1
 1 135
54 0
 1 -256
12 -1
 1 4095
48 0
 1 -16384
 6 -1
 1 16383
 1 -16384
 1 7
53 0
 1 -8192
 7 -1
54 0
 1 -16384
 7 -1
 1 4095
54 0
 1 -2048
13 -1
49 0
 6 -1
 1 16383
55 0
 1 -512
 6 -1
 1 4095
55 0
 7 -1
 1 127
54 0
 1 -2048
12 -1
 1 1023
49 0
 1 -32
 5 -1
 1 8191
55 0
 1 -8192
 7 -1
 1 60
54 0
 1 -64
13 -1
 1 127
47 0
 1 -64
 6 -1
 1 15
54 0
 1 -32768
 7 -1
 1 15
54 0
 1 -128
 6 -1
 1 2047
55 0
 1 -32
13 -1
 1 511
47 0
 1 -32
 7 -1
 1 3
54 0
 1 -512
 6 -1
 1 63
54 0
 1 -16384
12 -1
 1 16383
44 0
 1 2016
 4 0
 6 -1
 1 16383
15 0
 1 -32768
 1 31
38 0
 1 -8192
 6 -1
 1 127
55 0
 1 -16
12 -1
 1 32767
 1 96
47 0
 1 -32
 7 -1
 1 3
54 0
 1 -16
 7 -1
 1 1
53 0
 1 -8
 6 -1
 1 8191
99 0
18 0
 1 -128
 6 -1
 1 511
54 0
 1 -16384
 6 -1
 1 2047
55 0
 1 -256
 7 -1
 1 2047
 1 254
53 0
 1 -16
12 -1
 1 1023
48 0
 1 -2048
13 -1
 1 15
47 0
 1 -8192
 7 -1
 1 255
54 0
 1 -256
 7 -1
 1 4095
54 0
 1 -96
13 -1
49 0
 1 -8
 6 -1
 1 7
54 0
 1 -16
13 -1
 1 3
47 0
 1 -8
 7 -1
 1 7
54 0
 1 -64
13 -1
 1 7
47 0
 1 -1024
 6 -1
 1 8191
55 0
 1 -32
12 -1
 1 2047
48 0
 1 -32768
13 -1
 1 7
48 0
 1 -64
 6 -1
 1 15
55 0
 7 -1
 1 8191
54 0
 1 -16
 5 -1
 1 4095
55 0
 1 -512
13 -1
 1 1
48 0
 7 -1
 1 1023
54 0
 1 -24576
12 -1
 1 2047
48 0
 1 -32768
13 -1
 1 63
48 0
 1 -128
14 -1
48 0
 1 -4
12 -1
 1 127
48 0
 1 -4096
 7 -1
55 0
 1 -32
 6 -1
 1 127
55 0
 1 -8
 6 -1
 1 1023
53 0
 1 -32768
 7 -1
 1 511
54 0
 1 -32256
13 -1
 1 63
48 0
 1 -2048
13 -1
 1 2047
47 0
 1 -4096
 6 -1
 1 16383
55 0
 1 -128
 5 -1
 1 8191
55 0
 1 -2048
 6 -1
 1 32767
55 0
 1 -4
 7 -1
 1 32767
53 0
 1 -256
12 -1
 1 2047
49 0
 1 -512
 6 -1
 1 4095
54 0
 1 -4096
 7 -1
55 0
 1 -2
 6 -1
 1 7
55 0
 1 -4
11 -1
 1 2047
49 0
 1 -8
 6 -1
 1 1
54 0
 1 -4096
 7 -1
 1 7
54 0
 1 -64
 5 -1
 1 32767
55 0
 1 -1024
13 -1
48 0
 1 -32768
 7 -1
 1 2047
54 0
 1 -1024
 7 -1
55 0
 1 -256
12 -1
 1 511
49 0
 6 -1
 1 31
55 0
 1 -4096
 6 -1
 1 63
54 0
 1 -8192
 7 -1
 1 127
54 0
 1 -512
13 -1
 1 127
47 0
 1 -8192
 7 -1
 1 7
53 0
 1 -8192
 7 -1
 1 32767
54 0
 1 -2048
13 -1
 1 255
48 0
 1 -32
 6 -1
 1 63
54 0
 1 -4096
 6 -1
 1 32767
54 0
 1 -32768
13 -1
 1 16383
49 0
 1 -29
 6 -1
 1 1
54 0
 1 -2048
 6 -1
 1 31
54 0
 1 -2048
 7 -1
 1 3
99 0
17 0
 1 -8192
 6 -1
 1 16383
55 0
 1 -8
 6 -1
 1 63
54 0
 1 -32768
 7 -1
 1 1
54 0
 7 -1
 1 4095
54 0
 1 -1024
13 -1
 1 63
48 0
 1 -512
 7 -1
 1 1
53 0
 1 -8192
 6 -1
 1 32767
54 0
 1 -32768
13 -1
 1 7
48 0
 1 -32768
 7 -1
 1 1
54 0
 6 -1
 1 32767
55 0
 1 -4096
 7 -1
 1 255
54 0
 1 -32
 6 -1
 1 127
21 0
 1 -256
32 0
 1 -128
 7 -1
55 0
 1 -16
12 -1
 1 15
48 0
 1 -1024
 6 -1
 1 511
54 0
 1 -4096
 7 -1
 1 32767
54 0
 1 -1024
 6 -1
 1 2047
55 0
 7 -1
 1 7
54 0
 1 -512
13 -1
49 0
 1 -32
 7 -1
55 0
12 -1
 1 255
49 0
 1 -2
 7 -1
 1 1
53 0
 1 -32768
 6 -1
 1 4095
55 0
 1 -2
 6 -1
 1 3
54 0
 1 -16384
13 -1
 1 32767
48 0
 1 -16
 6 -1
 1 127
54 0
 1 -1024
 6 -1
 1 15
55 0
 1 -512
 6 -1
 1 2047
54 0
 1 -16384
13 -1
 1 127
48 0
 1 -1024
12 -1
 1 255
48 0
 1 -4096
 6 -1
 1 32767
55 0
 1 -2
 6 -1
 1 -3585
 1 1
53 0
 1 -256
 7 -1
 1 1023
54 0
 1 -56
 6 -1
 1 255
55 0
 1 -8
12 -1
 1 127
48 0
 1 -64
 6 -1
55 0
 1 -4096
 7 -1
 1 1
53 0
 1 -16384
 7 -1
 1 2047
54 0
 1 -16384
13 -1
 1 31
48 0
 1 -32
 6 -1
 1 511
54 0
 1 -512
 6 -1
 1 16383
55 0
 1 -128
 6 -1
 1 31
55 0
 1 -4
12 -1
 1 255
48 0
 1 -4
 6 -1
 1 2047
54 0
 1 -512
 6 -1
 1 16383
55 0
 1 -64
13 -1
 1 31
47 0
 1 -24576
 7 -1
 1 255
54 0
 1 -32
 6 -1
 1 63
54 0
 1 -8192
 6 -1
 1 31
55 0
 1 -256
12 -1
 1 16383
48 0
 1 -16384
 7 -1
 1 31
54 0
 1 -64
 6 -1
 1 63
54 0
 1 -8192
13 -1
 1 127
48 0
 1 -64
 6 -1
 1 127
54 0
 1 -1024
 6 -1
 1 4095
55 0
 1 -8
12 -1
 1 8191
48 0
 1 -32768
 7 -1
 1 3
54 0
 1 -4
 6 -1
 1 2047
55 0
 1 -2
 6 -1
 1 7
99 0
17 0
 1 -8192
 6 -1
 1 8191
55 0
 1 -8
 6 -1
 1 3
54 0
 1 -256
13 -1
 1 4095
48 0
 1 -2
 5 -1
 1 16383
55 0
 1 -32
14 -1
48 0
 1 -2
 6 -1
 1 15
54 0
 1 -4096
 6 -1
 1 511
54 0
 1 -32768
13 -1
 1 8191
48 0
 1 -512
13 -1
 1 8191
48 0
 1 -256
 7 -1
 1 3
53 0
 1 -512
13 -1
 1 16383
 1 8160
47 0
 1 -1024
12 -1
 1 8191
48 0
 1 -16384
 7 -1
 1 31
54 0
 1 -256
12 -1
 1 16383
 2 0
 1 3072
46 0
 1 -8
12 -1
 1 4095
48 0
 1 -4
 6 -1
 1 1023
55 0
 1 -2
 6 -1
 1 255
54 0
 1 -8
 6 -1
 1 1
54 0
 1 -4096
13 -1
 1 -32767
48 0
 8 -1
 1 7
54 0
 1 -2
12 -1
 1 32767
48 0
 1 -2
12 -1
 1 127
48 0
 1 -1024
 7 -1
 1 7
54 0
 1 -8
 6 -1
 1 16383
54 0
 1 -4096
13 -1
 1 1
48 0
 1 -8
 6 -1
 1 2047
54 0
 1 -512
 6 -1
 1 1023
55 0
 1 -1024
 6 -1
 1 1023
54 0
 1 -16384
 1 -8
 6 -1
 1 1
54 0
 1 -16
12 -1
 1 127
49 0
 1 -2
 6 -1
 1 63
54 0
 8 -1
 1 7
53 0
 1 -8192
 6 -1
 1 16383
 1 1
54 0
 1 -4096
 6 -1
 1 511
54 0
 1 -1024
13 -1
 1 31
48 0
 1 -8
 6 -1
 1 127
54 0
 1 24576
 1 -2
 5 -1
 1 2047
54 0
 1 -32768
 7 -1
 1 1023
54 0
 1 -2048
13 -1
 1 7
48 0
 1 -4
 6 -1
 1 255
54 0
 1 -8192
 6 -1
 1 16383
54 0
 1 -32768
 7 -1
 1 31
54 0
 1 -2048
13 -1
 1 31
48 0
 1 -256
 6 -1
 1 31
55 0
 1 -4
 5 -1
 1 127
55 0
 1 -64
13 -1
 1 7
47 0
 1 -256
 7 -1
 1 3
54 0
 1 -512
 6 -1
 1 7
55 0
 1 -2
 5 -1
 1 32767
55 0
 1 -32
13 -1
 1 1
47 0
 1 -8192
 7 -1
 1 63
54 0
 1 -8
 6 -1
 1 31
55 0
 1 -128
12 -1
 1 511
48 0
 1 -32
 6 -1
 1 127
55 0
 1 -2
 6 -1
 1 7
54 0
 1 -8
12 -1
 1 2047
48 0
 1 -32768
 7 -1
 1 31
54 0
 1 -16
 6 -1
 1 127
54 0
 1 -16384
 7 -1
 1 31
99 0
18 0
 1 -2
 6 -1
 1 1023
54 0
 1 -64
 6 -1
 1 4095
54 0
 1 -16384
13 -1
 1 769
48 0
 1 -32
 6 -1
 1 2047
54 0
 1 -2048
 7 -1
 1 1
54 0
 1 -8
13 -1
 1 1
47 0
 1 -4096
 7 -1
 1 1
54 0
 1 -32
12 -1
 1 2047
48 0
 1 -512
 6 -1
 1 2047
55 0
 1 -32
 7 -1
 1 1
53 0
 1 -32768
 7 -1
 1 7
54 0
 1 -2048
13 -1
 1 7
47 0
 1 -4096
14 -1
48 0
 1 -832
13 -1
 1 15
47 0
 1 -128
13 -1
 1 15
48 0
 1 -64
 6 -1
 1 16383
54 0
 1 -2048
 7 -1
 1 7
54 0
 1 -128
 6 -1
 1 8191
14 0
 1 496
40 0
 1 -8
12 -1
 1 7
48 0
 7 -1
 1 1023
54 0
 1 -1024
13 -1
 1 255
48 0
 1 -4096
 6 -1
 1 4095
55 0
 7 -1
 1 4095
54 0
 1 -128
 6 -1
 1 2047
54 0
 1 -1024
 7 -1
 1 31
54 0
 1 -32
13 -1
 1 15
47 0
 1 -16384
 7 -1
 1 3
54 0
 1 -1024
 7 -1
 1 15
53 0
 1 -256
12 -1
 1 8191
 1 480
48 0
 1 -64
13 -1
 1 15
48 0
 1 -16
 5 -1
 1 32767
55 0
 1 -64
 6 -1
 1 511
54 0
 1 -16384
 7 -1
 1 7
54 0
 1 -32
 6 -1
 1 1023
55 0
 1 -32
12 -1
 1 63
47 0
 1 -32768
 7 -1
 1 31
54 0
 1 -32768
 7 -1
 1 63
54 0
 1 -1024
 6 -1
 1 7
54 0
 1 -32768
13 -1
 1 511
48 0
 1 -64
 6 -1
 1 25599
54 0
 1 -4096
 7 -1
54 0
 1 -8192
 7 -1
 1 15
55 0
 1 -4
12 -1
 1 1
48 0
 1 -16
 7 -1
 1 3
53 0
 1 -32768
 6 -1
 1 2047
55 0
 1 -512
13 -1
 1 7
47 0
 1 -32768
 7 -1
 1 63
54 0
 1 -8192
 7 -1
 1 1
53 0
 1 -32768
 7 -1
55 0
 1 -64
13 -1
 1 3
47 0
 1 -16384
 6 -1
 1 127
55 0
 1 -16384
 6 -1
 1 4095
34 0
 1 32256
19 0
 1 -32768
14 -1
48 0
 1 -2048
 5 -1
 1 32767
55 0
 1 -2048
 7 -1
 1 31
54 0
 1 -8
13 -1
 1 15
48 0
 1 -32
 6 -1
 1 1
54 0
 1 -16
 6 -1
 1 16383
55 0
 1 -4
 6 -1
 1 127
99 0
18 0
 1 -2
 6 -1
 1 7
54 0
 1 -128
12 -1
 1 16383
48 0
 1 -1024
13 -1
 1 32767
48 0
 1 -16
 6 -1
 1 32767
55 0
 1 -2
12 -1
 1 15
48 0
 1 -256
13 -1
 1 1
48 0
 1 -64
12 -1
 1 511
48 0
 1 -8192
 6 -1
 1 2047
55 0
 1 -2
 6 -1
 1 3
54 0
 1 -16
13 -1
 1 7
48 0
 1 -2
12 -1
 1 8191
48 0
 1 -16
13 -1
 1 31
47 0
 1 -16384
 8 -1
 1 4095
53 0
 1 -64
 6 -1
 1 127
54 0
 1 -4096
 6 -1
 1 16383
55 0
 1 -128
 6 -1
 1 255
55 0
 1 -8
 6 -1
 1 15
54 0
 1 -16
 6 -1
 1 16383
54 0
 1 -8192
13 -1
 1 7
48 0
 1 -16
 6 -1
 1 15
55 0
 1 -4
12 -1
 1 8191
48 0
 1 -16384
13 -1
 1 127
47 0
 1 -1024
 7 -1
 1 2049
54 0
 1 -1024
 6 -1
 1 8191
55 0
 1 -16
 6 -1
 1 16383
54 0
 1 -32
13 -1
 1 63
47 0
 1 -4096
 7 -1
 1 511
54 0
 1 -8
 6 -1
 1 255
55 0
 1 -8
 6 -1
 1 15
54 0
 1 -256
13 -1
 1 255
47 0
 1 -16384
 7 -1
 1 31
54 0
 1 -64
 6 -1
 1 255
54 0
 1 -1024
 7 -1
29 0
 1 2
25 0
 1 -16
 5 -1
 1 16383
56 0
 1 -2
12 -1
 1 1023
48 0
 1 -32
 6 -1
 1 127
54 0
 1 -16384
 7 -1
 1 31
54 0
 1 -4
 6 -1
 1 4095
 1 128
53 0
 1 -1024
13 -1
49 0
 1 -32
 6 -1
 1 31
55 0
 1 -8
 5 -1
 1 32767
55 0
 1 -1024
 6 -1
 1 31
55 0
 1 -32
12 -1
 1 15
48 0
 1 -256
 7 -1
54 0
 1 -32768
 7 -1
 1 2047
54 0
 1 -128
13 -1
 1 7
48 0
 1 -32
 6 -1
 1 127
54 0
 1 -30720
 7 -1
 1 3
53 0
 1 -8192
 7 -1
 1 15
54 0
 1 -2048
13 -1
 1 1
47 0
 1 -2048
 7 -1
 1 31
54 0
 1 -256
 6 -1
 1 127
54 0
 1 -8192
13 -1
49 0
 1 -1024
 6 -1
 1 3
55 0
 1 -2
 5 -1
 1 32767
55 0
 1 -4
13 -1
 1 8191
48 0
 1 -16
 6 -1
 1 127
54 0
 1 -2
 7 -1
 1 1
54 0
 1 -4
 6 -1
 1 3
99 0
17 0
 1 -2048
 7 -1
 1 8191
54 0
 1 -32
 6 -1
 1 31
54 0
 1 -4096
13 -1
 1 1599
48 0
 1 -32
12 -1
 1 -24577
 1 7
48 0
13 -1
 1 8191
48 0
 1 -8
 6 -1
 1 4095
54 0
 1 -8192
 7 -1
55 0
 1 -128
13 -1
 1 207
47 0
 1 -4096
13 -1
 1 7
48 0
 1 -4096
 6 -1
 1 1023
55 0
 1 -2
12 -1
 1 31
48 0
 1 -256
12 -1
 1 511
48 0
 1 -16384
13 -1
 1 31
48 0
 1 -256
 7 -1
 1 7
54 0
 1 -2
11 -1
 1 4095
49 0
 1 -2
 7 -1
55 0
 1 -4
 5 -1
 1 8191
55 0
 1 -4
 6 -1
 1 32767
54 0
 1 -4096
13 -1
 1 4095
49 0
 1 -32
 6 -1
 1 3
53 0
 1 -4096
13 -1
 1 7
48 0
 1 -32
 6 -1
 1 -1793
 1 1
54 0
 1 -2
12 -1
 1 15
48 0
 1 -256
 6 -1
 1 31
54 0
 1 -4096
 7 -1
 1 3
54 0
 1 -4
13 -1
 1 7
47 0
 1 -1024
 6 -1
 1 8191
55 0
 1 -16
 6 -1
 1 511
55 0
 1 -4
 6 -1
 1 2047
54 0
 1 -16384
13 -1
 1 16383
48 0
 1 -128
 6 -1
 1 31
54 0
 1 -1024
 6 -1
 1 255
54 0
 1 -32768
 6 -1
 1 8191
55 0
 1 -1024
 6 -1
 1 1023
 1 2
54 0
 1 -128
12 -1
 1 1023
48 0
 1 -16384
 7 -1
 1 15
54 0
 1 -8
 6 -1
 1 51
54 0
 1 -1024
 6 -1
 1 127
54 0
 1 -16384
14 -1
 1 7937
47 0
 1 -1024
 6 -1
 1 2047
55 0
 1 -8
 6 -1
 1 1087
54 0
 1 -1024
 6 -1
 1 1023
54 0
 1 -32768
13 -1
 1 32767
48 0
 1 -128
 6 -1
 1 4095
55 0
 1 -16
 6 -1
 1 255
54 0
 1 -32
13 -1
 1 255
48 0
 1 -16
 6 -1
 1 7
54 0
 1 -128
 6 -1
 1 32767
54 0
 1 -8192
 7 -1
 1 7
54 0
 1 -2048
12 -1
 1 1023
49 0
 1 -4
 6 -1
 1 15
54 0
 1 -16
 6 -1
 1 15
55 0
 1 -2
12 -1
 1 31
48 0
 1 -64
 6 -1
 1 1023
55 0
 1 -4
 6 -1
 1 28
54 0
 1 -64
12 -1
 1 32767
49 0
 1 -768
 6 -1
 1 8191
54 0
 1 -16
 6 -1
 1 511
54 0
 1 -1024
 7 -1
 1 7
99 0
18 0
 1 -4
 6 -1
 1 31
54 0
 1 -8192
 6 -1
 1 32767
55 0
 1 -8
12 -1
 1 2047
48 0
 1 -64
13 -1
 1 127
48 0
 1 -16
12 -1
 1 1023
48 0
 1 -64
 7 -1
 1 3
54 0
 1 -8
12 -1
 1 15
48 0
 1 -32
13 -1
 1 3
47 0
 1 -256
 7 -1
 1 3
54 0
 1 -4
 6 -1
 1 63
54 0
 1 -8192
 7 -1
 1 15
54 0
 1 -512
 7 -1
 1 31
54 0
 1 -16
 6 -1
 1 1
54 0
 1 -4096
 7 -1
 1 3
54 0
 1 -64
12 -1
 1 255
48 0
 1 -1024
 7 -1
 1 7
54 0
 1 -16
 7 -1
 1 255
53 0
 1 -8
 6 -1
 1 32767
54 0
 1 -2048
13 -1
 1 1
48 0
 7 -1
 1 1023
55 0
 1 -64
13 -1
 1 127
47 0
 1 -16
12 -1
 1 32767
 1 30
48 0
 1 -4
12 -1
 1 511
48 0
 1 -1024
 5 -1
 1 16383
55 0
 1 -1024
 8 -1
54 0
 1 -32
12 -1
 1 4095
49 0
 1 -64
 6 -1
 1 1095
54 0
 1 -256
 6 -1
56 0
 1 -32
13 -1
 1 63
48 0
 1 -4
11 -1
 1 4095
33 0
 1 96
14 0
 1 -2048
 7 -1
 1 8191
37 0
 1 -1024
 3 -1
 1 511
 1 -2
 1 31
 1 31744
 9 0
 1 -8
 7 -1
 1 7
 1 8184
20 0
 1 -8192
 9 0
 1 -32768
22 0
 1 -16
 6 -1
 1 15
54 0
 1 -64
 6 -1
 1 15
54 0
 1 -2048
14 -1
48 0
 1 -32
 7 -1
38 0
 1 32256
11 0
 1 12288
 4 0
 1 -2
 5 -1
 1 4095
54 0
 1 -32768
 1 -4
 6 -1
 1 7
54 0
 1 -2048
13 -1
 1 2047
24 0
 1 14336
23 0
 1 -512
 8 -1
 1 15
 4 0
 1 -10496
 1 511
46 0
 1 -128
 6 -1
 1 1023
55 0
 1 -32
 6 -1
 1 15
55 0
 1 -64
13 -1
 1 15
 1 0
 1 1536
12 0
 1 -16384
 1 3
31 0
 1 -2048
 7 -1
 1 7171
53 0
 1 -512
 7 -1
 1 1
54 0
 1 -4
13 -1
 1 15615
47 0
 1 -32768
 6 -1
 1 63
20 0
 1 384
34 0
 1 -4096
 7 -1
54 0
 1 -1024
 7 -1
 1 127
54 0
 1 -16
14 -1
 1 -24577
 1 15
46 0
 1 -256
 6 -1
26 0
 1 -7744
 1 513
27 0
 1 -2048
 7 -1
 1 -14337
 1 255
51 0
 1 8
 1 -256
13 -1
 1 127
48 0
 1 -64
 6 -1
 1 2047
13 0
 1 -2048
 1 1
39 0
 1 -32768
 7 -1
 1 7
 1 -7296
 1 3
52 0
 1 -1024
12 -1
 1 8191
26 0
 1 96
21 0
 1 -256
 8 -1
 1 16383
18 0
 1 28672
34 0
 1 -8
 7 -1
55 0
 7 -1
 1 2047
12 0
 1 256
28 0
 1 128
48 0
 1 8192
 1 -8
 1 927
 1 4992
19 0
 1 -256
 1 512
 1 0
 1 -8192
 7 -1
 1 16383
54 0
 1 -64
 6 -1
 1 63
55 0
 1 -8
13 -1
 1 1023
47 0
 1 -2048
13 -1
 1 511
 1 32
46 0
 1 -16384
 7 -1
 1 15
36 0
 1 14848
17 0
 1 -8192
 6 -1
 1 31
39 0
 1 -16384
 1 -1023
 1 15
13 0
13 -1
 1 127
48 0
 1 -1024
13 -1
 1 8191
 1 60
30 0
 1 -28928
 1 252
14 0
14 -1
 1 127
48 0
 1 -184
12 -1
 1 8
39 0
 1 1984
 9 0
 1 -16
12 -1
50 0
 1 -2
 5 -1
 1 31
54 0
 1 -8192
 7 -1
 1 7
 7 0
 1 6144
46 0
 1 -2
 6 -1
 1 31
54 0
 1 -1024
 7 -1
 1 2047
54 0
 1 -512
 6 -1
 1 511
54 0
 1 -3584
 7 -1
 1 3
54 0
 1 -16384
 7 -1
 1 2047
 1 2048
52 0
 1 -32768
13 -1
 1 3
48 0
 1 -32
 6 -1
 1 255
55 0
13 -1
 1 255
 1 4
47 0
 1 -16
 6 -1
 1 6399
 8 0
 1 8192
 1 2047
45 0
 1 -2
 6 -1
 4 0
 1 -16384
 1 -6145
 1 255
14 0
 1 6
33 0
 1 -256
12 -1
 1 32767
33 0
 1 1024
 1 8320
 9 0
 1 -32768
 1 3
 3 0
 1 -8
 6 -1
55 0
 1 -16384
14 -1
 1 7
12 0
 1 -4096
 1 -8065
 1 3
 8 0
 1 8448
 1 -128
 1 7
 2 0
 1 -512
 1 16
16 0
 1 -16384
 7 -1
 1 7
55 0
 1 -32
 7 -1
 8 0
 1 -7560
 1 63
44 0
 1 -64
 5 -1
 1 32767
 1 2
19 0
 1 -1024
 4 0
 1 192
29 0
 1 -512
13 -1
 1 31
10 0
 1 28672
 1 0
 1 3
34 0
 1 -8192
 8 -1
 1 -6625
 1 775
53 0
 7 -1
 1 8191
 1 122
 5 0
 1 192
46 0
 1 -8192
 7 -1
 1 63
36 0
 1 240
17 0
 1 -1024
 6 -1
 1 16895
55 0
13 -1
 1 1
48 0
 1 -512
 6 -1
 1 -32753
54 0
 1 -32768
 1 -3
 6 -1
 1 4095
 1 -8192
 1 63
52 0
 1 -256
 6 -1
 1 16383
 7 0
 1 -1024
47 0
 1 -8
12 -1
 1 15
48 0
 1 -256
 6 -1
 1 3
26 0
 1 32
27 0
 1 -128
 8 -1
 1 1
13 0
 1 1800
39 0
 1 -2
 6 -1
 1 1279
28 0
 1 -16384
25 0
 1 -16384
14 -1
 1 771
 1 1024
 3 0
 1 -1856
 1 1
41 0
 1 -8
 7 -1
47 0
 1 16360
 6 0
 1 -8192
 7 -1
 1 255
 1 2047
53 0
 1 -512
13 -1
 1 25
48 0
 1 -128
 5 -1
 1 255
55 0
 1 -512
 6 -1
 1 127
54 0
 1 -1024
 8 -1
 1 127
 6 0
 1 24576
 1 -64
 1 16383
 1 8
28 0
 1 896
 9 0
 1 16384
 4 0
 1 -28
12 -1
 1 8191
 2 0
 1 -2048
 1 20543
 1 32
 4 0
 1 -32768
 1 15
37 0
 1 -8192
 6 -1
 1 2047
 1 56
54 0
 1 -2048
 6 -1
 1 255
 1 120
53 0
 1 16384
 1 -2
12 -1
 1 4095
48 0
 1 12288
 1 -3
 6 -1
 1 31
55 0
 5 -1
 1 511
46 0
 1 8
 2 0
 1 1072
 5 0
 1 -4032
13 -1
 1 127
24 0
 1 16384
 1 240
10 0
 1 7
10 0
 1 -4096
 6 -1
 1 32767
42 0
 1 4092
12 0
 1 -16384
 7 -1
 1 1
54 0
 1 -32
 6 -1
 1 263
12 0
 1 -16384
 1 15
18 0
 1 286
83 0
 1 -8192
 6 -1
 1 16383
23 0
 1 1024
31 0
 1 -128
13 -1
 1 1
47 0
 1 -8192
 6 -1
 1 8191
55 0
 1 -32768
13 -1
 1 63
48 0
 1 -2
13 -1
 1 63
47 0
 1 -32
12 -1
 1 -16385
49 0
 1 -2
12 -1
 1 1
12 0
 1 1600
35 0
 1 -256
13 -1
 1 63
26 0
 1 -15360
20 0
 1 -16384
 7 -1
 1 56
54 0
 1 -64
 7 -1
 1 28672
 1 -8
 1 -4
51 0
 1 -4096
13 -1
 1 255
48 0
 1 -16
13 -1
 1 3
 1 0
 1 7936
46 0
 1 -8
13 -1
 1 7
47 0
 1 -8
14 -1
 1 1
20 0
 1 -32768
 1 1
24 0
 1 -2048
 7 -1
 1 255
38 0
 1 124
15 0
 1 -64
 6 -1
 1 15
55 0
 1 -4
 6 -1
 1 8191
 1 16384
26 0
 1 64
 1 16
25 0
 1 -16384
 6 -1
 1 7
32 0
 1 1536
21 0
 1 -512
13 -1
 1 255
 1 120
47 0
 1 -256
 6 -1
 1 -33
 1 3
54 0
 1 -2
12 -1
 1 8191
 1 16
47 0
 1 -16384
13 -1
 1 31
 1 1
 1 2
45 0
 1 -2048
 6 -1
 1 16383
 5 0
 1 15
49 0
 1 -32768
13 -1
 1 8191
48 0
 1 -8
 6 -1
 1 1987
55 0
 1 -4
12 -1
 1 511
 4 0
 1 1984
43 0
 1 -2
 8 -1
 1 15
52 0
 1 -512
 6 -1
 1 32767
 1 -512
 1 31
53 0
 1 -248
12 -1
 1 2047
 1 126
36 0
 1 4064
 1 128
 9 0
 1 -32
12 -1
 1 1023
49 0
 1 -64
 5 -1
 1 32767
22 0
 1 1024
24 0
 1 3936
 7 0
 1 -512
 1 -3
 5 -1
 1 15
55 0
 7 -1
 1 3
12 0
 1 8
20 0
 1 1
21 0
 1 -64
 5 -1
 1 2047
22 0
 1 -3104
 1 1
31 0
 1 -32
12 -1
 1 8191
48 0
 1 -32768
 7 -1
 1 3
19 0
 1 -4096
 5 0
 1 8192
 1 256
27 0
 1 -256
 5 -1
 1 16383
55 0
 1 -1024
 6 -1
 1 -28673
 1 24
53 0
 1 -8192
13 -1
20 0
 1 30
28 0
 1 -16320
 6 -1
 1 255
55 0
 1 -224
 6 -1
 1 15
54 0
 1 -128
 6 -1
 1 511
54 0
 1 12288
14 -1
 5 0
 1 7936
10 0
 1 -7680
 1 7
 1 32
 3 0
 1 -256
 1 7
24 0
 1 -2048
 7 -1
 1 31
 8 0
 1 -4096
11 0
 1 256
 9 0
 1 -16384
23 0
 1 -56
 6 -1
 1 15
25 0
 1 64
28 0
 1 -12
12 -1
 1 127
30 0
 1 16320
 1 12
17 0
 1 -8
 5 -1
 1 4095
55 0
 1 -128
 6 -1
 1 31
 7 0
 1 960
46 0
 1 -4096
 7 -1
 1 32519
54 0
 1 -4096
13 -1
 1 2047
29 0
 1 -32768
 1 7
16 0
 1 -16
 8 -1
 1 3
 1 256
44 0
 1 192
 7 0
 1 -256
 6 -1
 1 8447
55 0
 1 -2
12 -1
 1 4095
49 0
 1 -8
 6 -1
 1 3
23 0
 1 -4096
 1 7
28 0
 1 -16384
 6 -1
 1 511
55 0
 1 -128
12 -1
 1 16383
49 0
 1 -32
 7 -1
20 0
 1 512
33 0
 1 -512
 6 -1
 1 31
54 0
 1 -32768
 6 -1
 1 8191
19 0
 1 -256
 1 7
50 0
 1 30720
46 0
 1 -24
 6 -1
 1 4095
54 0
 1 -16
 7 -1
 1 31
53 0
 1 -2048
 8 -1
 1 127
53 0
 1 -8
13 -1
 1 63
48 0
 1 -64
 6 -1
 1 831
54 0
 1 -2560
 6 -1
37 0
 1 -32768
 1 7
16 0
 1 -128
13 -1
 1 32767
48 0
 1 -32768
13 -1
 1 127
22 0
 1 -30720
25 0
 6 -1
 1 255
55 0
 1 -128
13 -1
 1 2047
48 0
 1 -128
13 -1
 1 127
48 0
 1 -7
 6 -1
 1 4095
22 0
 1 1985
23 0
 1 480
 1 28
 6 0
 1 -8
 8 -1
 1 3
12 0
 1 30720
 1 103
10 0
 1 256
27 0
 1 -8192
14 -1
 1 1
46 0
 1 -16384
13 -1
 1 4095
 1 0
 1 -4096
 1 15
46 0
 7 -1
55 0
 8 -1
 1 1
53 0
 1 -128
 6 -1
 1 16383
 1 4092
37 0
 1 4096
16 0
 1 -8
12 -1
 1 4095
30 0
 1 31744
17 0
 1 -1024
 6 -1
 1 8191
55 0
 1 -32
12 -1
 1 -513
 1 -1
27 0
 1 1811
11 0
 1 -16384
 1 255
 1 16160
 1 4
 5 0
 6 -1
 1 127
55 0
 1 -2
12 -1
 1 4095
48 0
 1 -512
13 -1
 1 1
47 0
 1 -8192
 7 -1
 1 1023
54 0
 1 -32768
13 -1
 1 127
 1 16
47 0
 1 -4
 5 -1
 1 -24577
 1 -1
 1 1
53 0
 1 -15
 8 -1
 1 127
 1 18416
52 0
 1 -2048
14 -1
 1 16383
46 0
 1 -8
13 -1
 1 16383
48 0
 1 -16
 6 -1
 1 1
54 0
 1 -8192
 7 -1
 1 2047
54 0
 1 -16
 6 -1
 1 1
54 0
 1 -8192
 6 -1
 1 31
55 0
 1 -16
13 -1
 1 127
47 0
 1 -4096
 6 -1
 1 32767
 1 8
53 0
 1 -1024
 7 -1
 1 8191
54 0
 1 -256
 6 -1
 1 8191
56 0
 1 -30
12 -1
 1 1
37 0
 1 512
 9 0
 1 -32
 7 -1
 1 63
54 0
 1 -64
 6 -1
 1 4095
43 0
 1 14
10 0
 1 -2048
 7 -1
 1 4095
36 0
 1 2048
17 0
 1 -1024
12 -1
 1 31
48 0
 1 -12288
 8 -1
27 0
 1 252
25 0
 1 -4096
 7 -1
 1 63
54 0
 1 -4096
13 -1
 1 4095
22 0
 1 8
25 0
 1 -16
 6 -1
 1 1
54 0
 1 -16384
 7 -1
 1 3
53 0
 1 -1024
 7 -1
 1 1
47 0
 1 24
 6 0
 1 -2048
13 -1
 1 7
37 0
 1 14592
 9 0
 1 -2048
 8 -1
 1 63
29 0
 1 60
23 0
 1 -16
 7 -1
 1 511
 3 0
 1 14
17 0
 1 -16384
 1 7
31 0
 1 -64
12 -1
 1 1023
48 0
 1 -4096
 6 -1
 1 2047
14 0
 1 3840
40 0
 1 -2
 6 -1
 1 31
 1 0
 1 1273
52 0
 1 -4096
14 -1
 1 1023
 1 8
46 0
 1 -2
 6 -1
 1 3
54 0
 1 -16
 7 -1
 1 1
54 0
 1 -2
 6 -1
 1 255
99 0
17 0
 1 -16384
 6 -1
 1 32767
56 0
 1 -2
 5 -1
 1 11
55 0
 1 -16
12 -1
 1 3
49 0
 1 -8
 6 -1
 1 7
54 0
 1 -32
 6 -1
 1 2047
54 0
 1 -2048
 6 -1
 1 32767
 5 0
 1 32
49 0
 1 -4
12 -1
 1 1
46 0
 1 -32768
 1 511
 1 -2
13 -1
 1 3
47 0
 1 -32768
13 -1
 1 32767
14 0
 1 -16384
 1 7
32 0
 1 -8192
13 -1
 1 1279
 1 28
47 0
 1 -1024
 5 -1
 1 -3585
56 0
 1 -4
11 -1
 1 32767
49 0
 1 -256
12 -1
 1 255
48 0
 1 -1024
 7 -1
 1 31
54 0
 1 -1024
 7 -1
 1 -28801
 1 12295
52 0
 1 -16384
 1 -3
 5 -1
 1 2047
55 0
 1 -32
 6 -1
 1 15
54 0
 1 -8192
 7 -1
 1 1
 1 6
53 0
 1 -4
12 -1
 1 255
39 0
 1 -4096
 1 127
 7 0
 1 -1024
 7 -1
 1 7
 6 0
 1 -256
 1 31
22 0
 1 -7680
 1 3
21 0
 1 -512
14 -1
48 0
 1 -1024
13 -1
 1 15615
47 0
 1 -16384
14 -1
 1 2047
48 0
13 -1
 1 32767
48 0
 1 -16
 6 -1
 1 8191
54 0
 1 -4096
13 -1
 1 -32257
 1 4088
46 0
 1 -8192
 7 -1
 1 3983
55 0
 1 -8
 5 -1
 1 32767
54 0
 1 -32768
 7 -1
 1 255
54 0
 1 -2048
13 -1
 1 127
47 0
 1 -8192
 7 -1
 1 63
48 0
 1 16880
 5 0
 1 -1024
 8 -1
 1 112
53 0
 1 -3584
 6 -1
 1 63
48 0
 1 -16
 1 -1
 1 7
 3 0
 1 -1024
 7 -1
 1 1
31 0
 1 256
22 0
 1 -2
13 -1
 1 15
49 0
 1 -2
 4 -1
 1 31
55 0
 1 -16384
 6 -1
 1 8191
 1 -32768
 1 3
53 0
 1 -32
 5 -1
 1 255
43 0
 1 16
12 0
 1 -32
13 -1
 1 15
24 0
 1 6144
21 0
 1 -16384
 7 -1
18 0
 1 8192
29 0
 1 896
 6 0
 1 -16
 5 -1
 1 2047
55 0
 1 -128
 6 -1
 1 16383
 1 2048
53 0
 1 -32768
13 -1
 1 31
48 0
 1 -7168
 7 -1
 1 25599
 1 64
 8 0
 1 192
44 0
 1 -32
 6 -1
 1 127
54 0
 1 -16
13 -1
 1 59
48 0
 1 -4
 5 -1
 1 2047
54 0
 1 -32768
 1 -7
 6 -1
 1 127
55 0
 1 -512
 6 -1
 1 1
54 0
 1 -8192
13 -1
 1 255
49 0
 1 -32
 5 -1
 1 16383
54 0
 1 -512
 8 -1
 1 -897
 1 1
52 0
 1 -12
12 -1
 1 31
11 0
 1 -8192
 1 1023
35 0
 1 -512
 6 -1
 1 511
48 0
 1 8192
 6 0
 1 -128
 6 -1
 1 15
54 0
 1 -8192
13 -1
 1 3
17 0
 1 -32768
30 0
 1 -64
 6 -1
 1 255
55 0
 1 -2
 6 -1
 1 3
53 0
 1 -16384
 7 -1
 1 511
99 0
18 0
 1 -8
 6 -1
 1 15
54 0
 1 -256
13 -1
 1 1023
46 0
 1 -16384
 1 -993
 8 -1
 1 7
53 0
 1 -32768
 7 -1
15 0
 1 152
 9 0
 1 1024
29 0
 1 -64
12 -1
 1 15
48 0
 1 -8192
13 -1
 1 255
47 0
 1 -8192
13 -1
 1 8191
48 0
 1 -128
13 -1
 1 2035
48 0
 1 -32
13 -1
 1 -7169
 1 32755
46 0
 1 -1024
 6 -1
 1 127
55 0
 1 -128
 6 -1
 1 -4
 1 -1
 1 31
52 0
 1 -32
 6 -1
 1 511
18 0
 1 16384
36 0
 1 -4
13 -1
 1 3
23 0
 1 12288
24 0
 1 -2
 6 -1
 1 3
54 0
 1 -2
 6 -1
55 0
 1 -32768
 6 -1
 1 2047
46 0
 1 8
 8 0
 1 -128
 5 -1
 1 511
55 0
 1 -4096
 6 -1
 1 32767
28 0
 1 -32768
 1 2047
25 0
 1 -4
12 -1
 1 -19969
 1 15
47 0
 1 -1024
 7 -1
 1 511
 1 1792
53 0
 1 -128
13 -1
 1 127
47 0
 1 -8192
 7 -1
55 0
 1 -4
 6 -1
 1 15
54 0
 1 -1024
 6 -1
 1 255
55 0
 1 -16
12 -1
 1 8191
48 0
 1 -8192
13 -1
 1 1
48 0
 1 -8
 6 -1
 1 15
55 0
 1 -8
 7 -1
 1 254
53 0
 1 -4
 5 -1
 1 -24577
 1 127
55 0
 1 -4
12 -1
 1 511
47 0
 1 -16384
 7 -1
 1 255
55 0
 1 -64
 6 -1
 1 31
54 0
 1 -3808
 6 -1
 1 15
55 0
 1 -2
 5 -1
 1 16383
 1 -32768
 1 31
53 0
 1 -128
12 -1
 1 32767
48 0
 1 -128
 7 -1
 1 4095
54 0
 1 -16
 6 -1
 1 127
54 0
 1 -16384
 7 -1
 1 3
54 0
 1 -4
13 -1
 1 8191
22 0
 1 460
24 0
 1 -1024
 7 -1
 1 1023
54 0
 1 -256
 6 -1
 1 127
15 0
 1 16384
16 0
 1 8192
21 0
 1 -32768
 7 -1
55 0
 1 -32
12 -1
 1 3
49 0
 1 -4
 6 -1
 1 2047
54 0
 1 -8
 6 -1
 1 8191
 1 1
22 0
 1 -4096
 1 15
30 0
13 -1
 1 8191
48 0
 7 -1
 1 4095
54 0
 1 -16384
 1 -4
 6 -1
 1 3
54 0
 1 -256
 6 -1
 1 63
55 0
 1 -2
11 -1
 1 8191
48 0
 1 -16384
 7 -1
 1 1
54 0
 1 -16
 7 -1
55 0
 1 -256
13 -1
 1 8191
47 0
 1 -1024
 6 -1
 1 1023
55 0
 1 -128
 6 -1
31 0
 1 32
23 0
 1 -2048
12 -1
 1 4095
49 0
 1 -64
 6 -1
 1 511
54 0
 1 -4096
 8 -1
 1 15
53 0
 1 -32
 5 -1
 1 32767
99 0
19 0
 1 -2
 6 -1
 1 15
54 0
 1 -32768
 6 -1
 1 32767
55 0
 1 -4
13 -1
 1 31
47 0
 1 -1024
 8 -1
54 0
 1 -32
 5 -1
 1 16383
55 0
 1 -4096
13 -1
 1 16383
48 0
 1 -2
13 -1
 1 1
47 0
 1 -16384
13 -1
 1 31
48 0
 1 -32
 5 -1
 1 32767
55 0
 1 -4096
13 -1
 1 7
48 0
 1 -4
13 -1
 1 7
47 0
 1 -32768
 7 -1
 1 31
54 0
 1 -2048
12 -1
 1 4095
48 0
 1 -8192
 7 -1
 1 31
54 0
 1 -12800
13 -1
 1 1
48 0
 1 -4
 6 -1
55 0
 1 -2
 6 -1
30 0
 1 4
24 0
 1 -256
 7 -1
 1 511
55 0
 1 -2
12 -1
49 0
 1 -2
 6 -1
 1 8191
 1 0
 1 248
52 0
 1 -4096
14 -1
 1 1
47 0
 1 -8
12 -1
 1 127
47 0
 1 -32768
 7 -1
 1 63
54 0
 1 -256
 6 -1
 1 255
55 0
 1 -8
12 -1
 1 511
49 0
 1 -32
12 -1
 1 2047
 5 0
 1 16128
 1 14
41 0
 1 -128
 6 -1
 1 4095
55 0
 1 -8
 6 -1
 1 519
55 0
 1 -2
12 -1
 1 240
47 0
 1 -4096
13 -1
 1 32767
48 0
 1 -32
 6 -1
 1 127
54 0
 1 -2048
 7 -1
 1 7
54 0
 1 -2
 6 -1
 1 2047
54 0
 1 -8192
 6 -1
 1 1023
55 0
14 -1
 1 -8065
47 0
 1 -1024
 7 -1
 1 527
54 0
 1 -32
 6 -1
 1 15
28 0
 1 1536
25 0
 1 -32768
 7 -1
 1 31
54 0
 1 -64
13 -1
 1 1
47 0
 1 -16384
 6 -1
 1 2047
55 0
 1 -1024
 6 -1
 1 -3841
 1 15
53 0
 1 -8192
 6 -1
 1 8191
55 0
 1 -192
13 -1
 1 4095
47 0
 1 -32768
 7 -1
 1 15
54 0
 1 -64
 6 -1
 1 255
54 0
 1 -8192
12 -1
 1 8191
49 0
 1 -4
 6 -1
 1 31
54 0
 1 -1024
 7 -1
 1 1
54 0
 1 -256
 6 -1
 1 511
54 0
 1 -512
13 -1
 1 16335
48 0
 1 -1024
 6 -1
 1 127
54 0
 1 -16384
 7 -1
 1 127
54 0
 1 -256
13 -1
 1 -24577
47 0
 1 -8192
 8 -1
 1 3
53 0
 1 -4
 6 -1
 1 31
54 0
 1 -128
13 -1
 1 2047
48 0
 1 -16
 7 -1
55 0
 1 -32
 6 -1
 1 15
54 0
 1 -512
 6 -1
 1 15
99 0
18 0
 1 -8
 6 -1
 1 63
54 0
 1 -8192
12 -1
 1 4095
49 0
 1 -256
12 -1
 1 63
48 0
 1 -1024
13 -1
 1 63
48 0
 1 -8
 6 -1
 1 3
54 0
 1 -512
13 -1
 1 8191
49 0
 6 -1
 1 8191
54 0
 1 -512
13 -1
 1 16383
48 0
 1 -8
 6 -1
 1 63
55 0
13 -1
 1 3
48 0
 1 -128
 6 -1
 1 127
54 0
 1 -16384
 7 -1
 1 63
43 0
 1 24576
 1 -3328
 1 127
 8 0
 1 -64
12 -1
 1 1
49 0
13 -1
 1 16383
48 0
 1 -4
13 -1
 1 8191
47 0
 1 -32768
 6 -1
 1 8191
56 0
 1 -2
 6 -1
55 0
 1 -64
 5 -1
 1 4095
55 0
 1 -64
12 -1
 1 2047
49 0
 1 -2
 6 -1
 1 7
54 0
 1 -128
12 -1
 1 32767
48 0
 1 -16384
 7 -1
55 0
 1 -16
 7 -1
 1 3
45 0
 1 32752
 8 0
 6 -1
 1 511
55 0
 1 -8192
 6 -1
 1 7
55 0
 1 -64
 5 -1
 1 32767
55 0
 1 -2
13 -1
 1 511
47 0
 1 -16384
 7 -1
 1 7
54 0
 1 -32
13 -1
 1 1
47 0
 1 -32768
12 -1
 1 16383
49 0
 1 -32
 6 -1
 1 3071
54 0
 1 -4096
 6 -1
 1 16383
55 0
 1 -8
 6 -1
 1 255
54 0
 1 -32768
 7 -1
 1 31
54 0
14 -1
 1 3
48 0
 1 -16
 6 -1
55 0
 1 -16
 7 -1
54 0
 1 -256
 7 -1
 1 17
54 0
 1 -256
12 -1
 1 4095
48 0
 1 -8192
 7 -1
 1 3
10 0
 1 1024
43 0
 1 -63
 6 -1
 1 7
54 0
 1 -256
 7 -1
 1 255
54 0
 1 -16
12 -1
 1 127
48 0
 1 -512
 7 -1
55 0
 1 -2
 6 -1
 1 255
55 0
14 -1
 1 1
47 0
 1 -32
 6 -1
 1 511
54 0
 1 -512
 6 -1
 1 16383
55 0
 1 -16
 6 -1
 1 127
55 0
 1 -4
11 -1
 1 16383
49 0
 1 -256
 6 -1
 1 7
27 0
 1 -128
 1 1
25 0
 1 -64
 7 -1
 1 31
54 0
 1 -16
14 -1
 1 1
46 0
 1 -32768
 6 -1
 1 8191
55 0
 1 -64
 6 -1
 1 127
55 0
 1 -8
11 -1
 1 4095
50 0
 6 -1
 1 8191
54 0
 1 -4096
 7 -1
 1 255
54 0
 1 -64
 6 -1
 1 511
99 0
18 0
 1 -512
 6 -1
 1 32767
55 0
 1 -8
 5 -1
 1 255
55 0
 1 -8
 6 -1
 1 1023
54 0
 1 -16384
13 -1
 1 15
48 0
 1 -32
13 -1
48 0
 1 -2048
14 -1
 1 255
47 0
 1 -64
 6 -1
 1 -15873
 1 3
53 0
 1 -512
13 -1
 1 511
48 0
 1 -16
13 -1
 1 3
48 0
 1 -8
12 -1
 1 255
48 0
 1 -16
13 -1
 1 511
48 0
 1 -2
12 -1
 1 127
48 0
 1 -16384
 6 -1
 1 255
55 0
 1 -16
12 -1
 1 4095
48 0
 1 -32
 6 -1
 1 8191
54 0
 1 -32768
 6 -1
 1 32767
 1 62
54 0
 1 -4096
 6 -1
 1 1
55 0
 1 -4
 5 -1
 1 32767
55 0
 1 -32
13 -1
 1 3
47 0
 1 -16384
 7 -1
 1 255
54 0
 1 -32
13 -1
 1 1
45 0
 1 4096
 1 0
 1 -2048
13 -1
 1 2047
 1 1
47 0
 1 -256
 6 -1
 1 1023
55 0
 6 -1
 1 255
38 0
 1 3072
16 0
 1 -128
 6 -1
 1 1023
55 0
 1 -8
 5 -1
 1 1023
55 0
 1 -8192
12 -1
 1 32767
49 0
 1 -32
 6 -1
 1 31
54 0
 1 -6144
 7 -1
 1 511
54 0
 1 -8
12 -1
 1 4095
29 0
 1 24576
18 0
 1 -256
 6 -1
 1 32767
54 0
 1 -32768
 7 -1
 1 1
54 0
 1 -512
 6 -1
 1 63
55 0
 7 -1
 1 511
54 0
 1 -4
12 -1
 1 4095
48 0
 1 -32768
 6 -1
 1 8191
55 0
 1 -512
 7 -1
 1 7
53 0
 1 -32768
 6 -1
 1 16383
 1 32
54 0
 1 -256
12 -1
 1 127
48 0
 1 -512
 7 -1
 1 8191
54 0
 1 -32768
 6 -1
 1 127
55 0
 1 -32
 5 -1
 1 32767
55 0
 1 -128
13 -1
 1 3
48 0
 1 -16
 5 -1
 1 20479
55 0
 1 -8
 7 -1
 1 0
 1 512
53 0
 1 -4
12 -1
 1 1023
48 0
 1 -128
 6 -1
 1 1023
55 0
 1 -32
 6 -1
 1 7
54 0
 1 -32
 6 -1
 1 2047
55 0
 1 -4
12 -1
 1 15
48 0
 1 -64
 6 -1
 1 511
54 0
 1 -8192
 6 -1
 1 8191
55 0
 1 -256
12 -1
 1 16383
49 0
 1 -8
 5 -1
 1 511
55 0
 1 -16
 7 -1
 1 255
53 0
 1 -2048
13 -1
 1 8191
48 0
 1 -8192
 6 -1
 1 15
54 0
 1 -8192
 7 -1
 1 31
55 0
 1 -2
 5 -1
 1 1023
99 0
18 0
 1 -64
 6 -1
 1 63
55 0
 1 -128
 7 -1
 1 7
53 0
 1 -8
 7 -1
 1 7
54 0
 1 -16
12 -1
 1 15
48 0
 1 -128
13 -1
 1 1
47 0
 1 -32768
 6 -1
 1 16383
55 0
 1 -8
13 -1
 1 7
48 0
13 -1
 1 15
 1 6
47 0
 1 -64
 7 -1
 1 7
54 0
 1 -2
13 -1
49 0
 1 -4
 5 -1
 1 127
54 0
 1 -1024
13 -1
 1 31807
48 0
 1 -256
13 -1
 1 8191
47 0
 1 -16384
 7 -1
 1 2047
54 0
 1 -2048
 6 -1
 1 -1793
 1 1537
53 0
 1 -2048
 7 -1
 1 255
54 0
 1 -8192
 6 -1
 1 255
55 0
 7 -1
55 0
 1 -512
12 -1
 1 32767
 1 16128
47 0
 1 -8192
 6 -1
 1 1023
55 0
14 -1
 1 7
47 0
 1 -16384
 7 -1
 1 255
54 0
 1 -32
14 -1
 1 14339
46 0
 1 -2048
 7 -1
 1 3
54 0
 1 -512
 6 -1
 1 3
29 0
 1 3968
25 0
 7 -1
 1 255
54 0
 1 -8192
13 -1
 1 15
48 0
 1 -8
 7 -1
 1 31
53 0
 1 -64
 6 -1
 1 16383
30 0
 1 512
23 0
 1 -1024
13 -1
 1 7
48 0
 1 -128
 6 -1
 1 16383
55 0
 7 -1
 1 63
54 0
 1 -64
 7 -1
 1 511
53 0
 1 -16384
 7 -1
55 0
 1 -8192
13 -1
 1 -24577
48 0
 1 -16
 5 -1
 1 32767
24 0
 1 224
30 0
 1 -64
 6 -1
 1 3
54 0
 1 -1024
 7 -1
 1 1
55 0
 1 -2
12 -1
 1 7
48 0
 1 -16
 5 -1
 1 8191
55 0
 1 -2048
 6 -1
 1 2047
55 0
 1 -256
 5 -1
 1 255
56 0
 1 -8
11 -1
 1 2047
49 0
 1 -2
 5 -1
 1 32767
55 0
 1 -256
 7 -1
 1 15
54 0
 1 -8
12 -1
49 0
 1 -8192
 6 -1
 1 63
55 0
 1 -32
 5 -1
 1 32767
55 0
 1 -128
 6 -1
 1 207
54 0
 1 -8192
13 -1
 1 1
48 0
 1 -256
 6 -1
 1 32767
55 0
 1 -4
 6 -1
 1 7
54 0
 1 -1024
12 -1
 1 14847
49 0
 1 -8
 5 -1
 1 63
55 0
 1 -32768
 6 -1
 1 127
54 0
 1 -8192
13 -1
 1 16383
48 0
 1 -512
 6 -1
 1 4095
36 0
 1 -32768
 1 49
17 0
 1 -8
 7 -1
 1 15
41 0
 1 253
 1 0
 1 3968
 9 0
 1 -32
 7 -1
99 0
18 0
 1 -128
 7 -1
 1 63
54 0
 1 -2
13 -1
 1 31
47 0
 1 -1024
 7 -1
 1 960
53 0
 1 -32
 6 -1
 1 127
55 0
 1 -256
 7 -1
 1 39
54 0
13 -1
 1 511
48 0
 1 -256
 6 -1
 1 2047
54 0
 1 -16384
 7 -1
 1 7
54 0
 1 -32
14 -1
 1 7
47 0
 1 -7808
 6 -1
 1 15
54 0
 1 -256
12 -1
 1 32767
49 0
 1 -2
 5 -1
 1 32767
55 0
 1 -16
 7 -1
 1 16383
53 0
 1 -32768
13 -1
 1 2047
48 0
 1 -256
 6 -1
 1 63
55 0
 1 -4
 6 -1
 1 63
54 0
 1 -64
 6 -1
 1 31
54 0
 1 -8192
 7 -1
 1 7
54 0
 1 -2048
13 -1
 1 1
47 0
 1 -2048
 7 -1
 1 15
54 0
 1 -64
13 -1
 1 4095
48 0
 1 -64
12 -1
 1 1023
48 0
 1 -128
12 -1
 1 8191
49 0
 7 -1
 1 15
54 0
 1 -16384
 6 -1
 1 4095
54 0
 1 -8192
 7 -1
 1 7
54 0
 1 -1024
13 -1
 1 7
48 0
 1 -2
 7 -1
 1 1
53 0
 1 -256
13 -1
 1 15
48 0
 1 -16
13 -1
 1 3
47 0
 1 -16384
 6 -1
 1 511
54 0
 1 -8192
 7 -1
 1 3
54 0
 1 -2048
 6 -1
 1 127
 2 0
 1 -16384
 1 7
51 0
 1 -4
 6 -1
 1 7
54 0
 1 -8
13 -1
 1 31
48 0
 1 -4
 6 -1
 1 8191
21 0
 1 4096
 1 511
31 0
 1 -1024
 7 -1
 1 31
54 0
 6 -1
 1 32767
55 0
 1 -256
13 -1
 1 1023
48 0
 1 -8
 6 -1
 1 2047
 1 12
54 0
 6 -1
 1 28927
54 0
 1 -4096
 7 -1
 1 31
54 0
 1 -16
13 -1
 1 7
47 0
 1 -8192
 7 -1
 1 7
54 0
 1 -128
 6 -1
 1 8191
54 0
 1 -512
13 -1
 1 32767
18 0
 1 4
29 0
 1 -1024
 7 -1
 1 31
53 0
 1 -2048
 7 -1
 1 15
54 0
 1 -1024
 6 -1
 1 7
54 0
 1 -8192
13 -1
 1 4095
35 0
 1 16384
12 0
 1 -128
 6 -1
 1 255
51 0
 1 -16384
 1 8
 2 0
 1 -4
 7 -1
 1 15
53 0
 1 -1536
13 -1
 1 127
48 0
 1 -2
 7 -1
 1 7
53 0
 1 -2048
 6 -1
 1 1023
54 0
 1 -64
13 -1
 1 4095
48 0
 1 -512
 6 -1
 1 1
55 0
 1 -2
 6 -1
 1 1
54 0
 1 -2048
 6 -1
 1 511
99 0
19 0
 1 -64
 5 -1
 1 16383
55 0
 1 -2
12 -1
 1 127
48 0
 1 -8
13 -1
 1 31
48 0
 1 -32
 6 -1
 1 -961
 1 1
53 0
 1 -1024
 6 -1
 1 32767
54 0
 1 -32768
 1 -2
13 -1
 1 4095
47 0
 1 -1024
12 -1
 1 1023
49 0
 1 -128
 6 -1
 1 2047
54 0
 1 -32768
13 -1
 1 31
47 0
 1 -8192
 7 -1
 1 1023
55 0
 1 -4
 5 -1
 1 7
54 0
 1 -32768
13 -1
 1 511
48 0
 1 -512
 7 -1
54 0
 1 -4096
 7 -1
 1 63
54 0
 1 -256
13 -1
 1 3
48 0
 7 -1
 1 127
54 0
 1 -16
 6 -1
 1 32767
 1 224
54 0
 1 -16
 6 -1
 1 2047
54 0
 1 -1024
12 -1
 1 4095
49 0
 1 -208
 6 -1
55 0
 1 -512
13 -1
 1 31
48 0
 1 -2
 6 -1
 1 511
54 0
 1 -256
 7 -1
 1 7
53 0
 1 -32768
13 -1
 1 127
48 0
 1 -32768
 6 -1
 1 1023
55 0
 1 -2
 6 -1
 1 511
55 0
13 -1
49 0
 1 -256
 6 -1
 1 255
54 0
 1 -128
 6 -1
 1 511
55 0
 1 -4
12 -1
 1 1
48 0
 1 -1024
 6 -1
 1 32767
55 0
 1 -16
 6 -1
 1 1023
54 0
 1 -256
 7 -1
 1 3
54 0
 1 -2
 6 -1
55 0
 1 -64
13 -1
48 0
 1 -16384
 7 -1
 1 127
54 0
 1 -256
 6 -1
 1 255
55 0
 1 -2
 6 -1
 1 127
54 0
 1 -256
13 -1
 1 255
48 0
 1 -16
 6 -1
 1 32767
54 0
 1 -16384
 6 -1
 1 32767
55 0
 1 -4
 6 -1
 1 31
54 0
 1 -1024
13 -1
 1 7
48 0
 1 -4
 6 -1
 1 31
54 0
 1 -128
 6 -1
 1 14591
54 0
 1 -32768
13 -1
 1 31
48 0
 1 -8192
 7 -1
 1 1
54 0
 1 -32
 6 -1
 1 63
54 0
 1 -256
 7 -1
55 0
 1 -128
13 -1
48 0
 1 -32
 7 -1
 1 8191
54 0
 1 -32
 6 -1
 1 511
54 0
 1 -4096
14 -1
47 0
 1 -2048
 7 -1
 1 1
55 0
 6 -1
 1 4095
55 0
 1 -16
12 -1
 1 255
48 0
 1 -16
 6 -1
 1 16383
55 0
 1 -64
 6 -1
 1 15
55 0
 1 -2
 5 -1
 1 1023
99 0
18 0
 1 -512
 6 -1
 1 8191
55 0
 1 -8
 6 -1
 1 15
54 0
 1 -128
 6 -1
 1 255
55 0
 1 -8
 6 -1
 1 255
54 0
 1 -64
 6 -1
 1 511
55 0
 1 -2
 6 -1
 1 63
54 0
 1 -8192
13 -1
 1 63
48 0
 1 -8192
 6 -1
 1 511
54 0
 1 -4096
 6 -1
 1 2047
55 0
 1 -4
12 -1
 1 16383
48 0
 1 -2048
 7 -1
 1 31
54 0
 1 -8
12 -1
 1 -15873
48 0
 1 -512
13 -1
 1 31
49 0
 6 -1
 1 8191
54 0
 1 -2048
 7 -1
55 0
 1 -1024
 6 -1
56 0
 1 -2
 7 -1
 1 7
53 0
 1 -128
 6 -1
 1 63
54 0
 1 -1024
13 -1
 1 2047
48 0
 1 -8
 5 -1
 1 32767
55 0
 1 -4096
13 -1
 1 127
48 0
 1 -4
12 -1
 1 2047
48 0
 1 -32768
 7 -1
 1 31
53 0
 1 -32768
13 -1
 1 8191
48 0
 1 -256
 7 -1
 1 8191
53 0
 1 -16384
 7 -1
 1 127
54 0
 1 -1024
13 -1
 1 63
48 0
 1 -2
 6 -1
 1 31
54 0
 1 -32768
12 -1
 1 4095
49 0
 1 -4
13 -1
 1 1
47 0
 1 -2048
 6 -1
 1 4095
55 0
 1 -8
 6 -1
 1 127
54 0
 1 -64
 7 -1
 1 255
54 0
 1 -16
 7 -1
 1 15
53 0
 1 -8192
13 -1
 1 63
48 0
 1 -16384
 6 -1
 1 1023
55 0
 1 -2
 5 -1
 1 16383
55 0
 1 -128
 6 -1
 1 2047
54 0
 1 -16384
13 -1
 1 127
48 0
 1 -2
 7 -1
 1 15
53 0
 1 -4096
 7 -1
 1 7
54 0
 1 -128
 6 -1
 1 15
54 0
 1 -32768
13 -1
 1 7
48 0
 1 -2
 6 -1
 1 8191
54 0
 1 -2048
 6 -1
 1 2047
55 0
 1 -64
13 -1
 1 3
47 0
 1 -128
 7 -1
 1 2047
54 0
 1 -8
 6 -1
 1 127
54 0
 1 -8
 6 -1
 1 2047
55 0
 1 -8
12 -1
 1 511
48 0
 1 -1024
 7 -1
55 0
 1 -64
 6 -1
 1 511
54 0
 1 -128
12 -1
 1 4095
49 0
 7 -1
 1 7
54 0
 1 -4096
 6 -1
 1 8191
55 0
 1 -16
12 -1
 1 32767
48 0
 1 -8192
 6 -1
 1 2047
55 0
 1 -16
 6 -1
 1 32767
54 0
 1 -64
 6 -1
 1 4095
99 0
18 0
 1 -16384
 6 -1
 1 255
55 0
 1 -24
12 -1
 1 1
48 0
 1 -2048
13 -1
 1 3
48 0
 7 -1
 1 3
54 0
 1 -8192
13 -1
 1 63
48 0
 7 -1
 1 1
54 0
 1 -512
13 -1
 1 31
48 0
 1 -16
12 -1
 1 2047
48 0
 1 -32768
13 -1
 1 511
48 0
 1 -16
 6 -1
 1 3
54 0
 1 -64
 7 -1
 1 31
53 0
 1 -16384
13 -1
 1 4095
49 0
 1 -2
 5 -1
 1 1023
54 0
 1 -4096
13 -1
 1 3
48 0
 1 -8192
13 -1
 1 2047
47 0
 1 -32768
 1 -2
 6 -1
 1 3
54 0
 1 -256
 6 -1
 1 8191
55 0
 1 -32
 6 -1
55 0
 1 -2048
12 -1
 1 32767
49 0
 1 -16
 6 -1
 1 15
55 0
 1 -8
12 -1
 1 63
48 0
 1 -256
 6 -1
 1 255
54 0
 1 -256
12 -1
 1 255
49 0
 1 -256
13 -1
 1 1
47 0
 1 -2048
 7 -1
 1 3
54 0
 1 -64
 6 -1
 1 255
54 0
 1 -4096
14 -1
 1 3
47 0
 1 -64
 6 -1
 1 4095
54 0
 1 -32768
12 -1
 1 8191
49 0
 1 -4096
12 -1
 1 15
48 0
 1 -16384
 7 -1
 1 2047
54 0
 1 -2
 6 -1
 1 31
54 0
 1 -4096
 6 -1
 1 4095
55 0
 1 -32
 6 -1
55 0
 1 -16384
13 -1
 1 1023
48 0
 6 -1
 1 8191
55 0
 1 -8192
 7 -1
 1 4095
54 0
 1 -32
 6 -1
 1 15
54 0
 1 -16384
12 -1
 1 32767
49 0
 1 -128
 6 -1
55 0
 1 -32768
 7 -1
 1 7
54 0
 1 -64
 7 -1
 1 3
53 0
 1 -32768
14 -1
48 0
 1 -128
 6 -1
 1 511
55 0
 1 -2
 5 -1
 1 16383
 1 30
54 0
 1 -64
12 -1
 1 16383
49 0
 1 -256
 6 -1
 1 15
54 0
 1 -4
 6 -1
 1 127
54 0
 1 -1024
 7 -1
55 0
 1 -128
13 -1
 1 7
48 0
 1 -2
 5 -1
 1 4095
54 0
 1 -16384
 7 -1
 1 2047
55 0
 1 -8
12 -1
 1 -3585
47 0
 1 -16384
 8 -1
 1 3
53 0
 1 -2048
 6 -1
 1 2047
55 0
 1 -4
13 -1
 1 224
48 0
 6 -1
 1 511
55 0
 1 -8
 6 -1
 1 63
55 0
 6 -1
 1 32767
99 0
18 0
 1 -4096
 7 -1
 1 15
53 0
 1 -8192
 7 -1
 1 511
54 0
 1 -512
13 -1
 1 31
48 0
 1 -32
 6 -1
 1 7
55 0
 1 -128
 5 -1
 1 255
55 0
 1 -256
13 -1
 1 31
47 0
 1 -16384
 6 -1
 1 8191
55 0
 1 -2
13 -1
 1 2047
47 0
 1 -64
13 -1
 1 15
48 0
 1 -16
 6 -1
 1 32767
54 0
 1 -4096
12 -1
 1 2047
49 0
 1 -1024
 6 -1
 1 8191
54 0
 1 -32768
 7 -1
 1 15
53 0
 1 -32768
14 -1
 1 1023
47 0
 1 -2048
13 -1
49 0
 1 -2
 7 -1
 1 3
53 0
 1 -512
 7 -1
 1 127
54 0
 1 -4
 6 -1
 1 8191
54 0
 1 -2048
13 -1
48 0
 1 -4096
 8 -1
 1 15
53 0
 1 -1024
12 -1
 1 32767
49 0
 1 -32
12 -1
 1 4095
48 0
 1 -32768
12 -1
 1 16383
49 0
 1 -2
12 -1
 1 255
48 0
 1 -2048
 7 -1
 1 31
53 0
 1 -32768
 7 -1
 1 31
54 0
 1 -16384
13 -1
 1 511
48 0
 1 -16
 7 -1
 1 3
53 0
 1 -1024
 7 -1
 1 63
54 0
 1 -256
13 -1
 1 63
47 0
 1 -8192
 7 -1
 1 3
53 0
 1 -4096
 7 -1
 1 127
55 0
 1 -2
 6 -1
 1 127
54 0
 1 -4
 6 -1
 1 1
54 0
 1 -8192
13 -1
 1 255
48 0
 1 -16
 6 -1
 1 511
54 0
 1 -32768
 7 -1
54 0
 1 -32768
 7 -1
 1 7
54 0
 1 -8192
13 -1
 1 255
48 0
 1 -64
 7 -1
 1 15
53 0
 1 -16384
 6 -1
 1 31
55 0
 1 -16
 6 -1
 1 16383
54 0
 1 -8192
13 -1
 1 3
48 0
 1 -16
 6 -1
 1 31
55 0
 6 -1
 1 32767
55 0
14 -1
48 0
 1 -4096
 7 -1
55 0
 1 -32
 6 -1
 1 255
54 0
 1 -8192
 6 -1
 1 8191
55 0
 1 -4
12 -1
 1 2047
48 0
 1 -32768
 6 -1
 1 7
55 0
 1 -32
 6 -1
 1 15
55 0
 1 -16
12 -1
 1 -24577
 1 1
47 0
 1 -32
 6 -1
 1 31
54 0
 1 -4096
 7 -1
 1 7
53 0
 1 -16384
13 -1
 1 511
48 0
 1 -4096
 7 -1
 1 31
54 0
 1 -32
 6 -1
 1 63
54 0
 1 -512
 7 -1
 1 15
99 0
17 0
 1 -16384
 7 -1
 1 63
54 0
 1 -64
 7 -1
54 0
 1 -128
13 -1
 1 511
48 0
 1 -2
 6 -1
 1 31
54 0
 1 -512
13 -1
 1 127
48 0
 1 -8
 7 -1
 1 7
53 0
 1 -64
 6 -1
 1 1023
55 0
 1 -128
 6 -1
 1 127
54 0
 1 -8192
 7 -1
 1 4095
54 0
 1 -64
 6 -1
 1 63
55 0
 1 -2
12 -1
 1 7
48 0
 1 -1024
 6 -1
 1 127
55 0
13 -1
49 0
 1 -2
 7 -1
 1 513
54 0
 1 -8
12 -1
 1 4095
48 0
 1 -128
 6 -1
 1 2047
55 0
 7 -1
 1 7
54 0
 1 -256
 6 -1
 1 127
54 0
 1 -512
13 -1
 1 63
48 0
 1 -8
 6 -1
 1 8191
54 0
 1 -32
13 -1
 1 16383
47 0
 1 -16384
 6 -1
 1 32767
55 0
 1 -1024
 6 -1
 1 -6145
55 0
 7 -1
 1 511
54 0
 1 -2048
13 -1
 1 1023
48 0
 1 -4
 6 -1
 1 1
54 0
 1 -16384
13 -1
 1 255
49 0
 1 -4
 5 -1
 1 63
54 0
 1 -32768
 7 -1
 1 1
54 0
 1 -256
12 -1
 1 63
48 0
 1 -8192
 7 -1
 1 15
54 0
 1 -16
 6 -1
 1 511
54 0
 1 -4096
 7 -1
 1 1
54 0
 1 -128
 6 -1
 1 127
55 0
 1 -4
13 -1
 1 15
47 0
 1 -512
 6 -1
 1 8191
54 0
 1 -32768
 6 -1
 1 8191
55 0
 1 -512
 6 -1
 1 1023
54 0
 1 -32768
13 -1
 1 127
48 0
 1 -64
 6 -1
 1 127
55 0
 1 -8
 6 -1
 1 255
54 0
 1 -2
 6 -1
 1 2047
55 0
 1 -4
12 -1
 1 2047
48 0
 8 -1
 1 31
53 0
 1 -2048
 7 -1
 1 31
53 0
 1 -32768
14 -1
 1 255
48 0
 1 -128
 6 -1
56 0
 1 -2
 5 -1
 1 1
50 0
 1 -32768
 1 255
 2 0
 1 -4096
 6 -1
 1 1023
55 0
 1 -16
12 -1
 1 511
48 0
 1 -32768
 7 -1
 1 127
54 0
 1 -16
 6 -1
 1 255
54 0
 1 -8192
13 -1
 1 2047
48 0
 1 -2
 7 -1
 1 13311
53 0
 1 -8192
 6 -1
 1 8191
55 0
 1 -16384
12 -1
 1 2047
48 0
 1 -4096
 6 -1
 1 32767
55 0
 1 -4096
 6 -1
 1 2047
54 0
 1 -8192
 7 -1
 1 1
99 0
17 0
 1 -4
 6 -1
 1 8191
55 0
 1 -128
13 -1
 1 511
47 0
 1 -2048
 8 -1
54 0
 1 -16
13 -1
 1 31
48 0
 6 -1
 1 4095
55 0
 1 -2048
 6 -1
 1 255
54 0
 1 -2048
13 -1
 1 63
48 0
 1 -32
 6 -1
 1 15
54 0
 1 -16384
13 -1
 1 7
47 0
 1 -32768
14 -1
 1 127
47 0
 1 -2048
13 -1
 1 1
48 0
 1 -32
 6 -1
 1 511
54 0
 1 -8192
13 -1
49 0
 1 -32
13 -1
49 0
 1 -4
 6 -1
 1 15
54 0
 1 -32768
 6 -1
 1 2047
54 0
 1 -4096
 6 -1
 1 16383
55 0
 1 -16
 6 -1
 1 7
54 0
 1 -8192
13 -1
 1 8191
48 0
 1 -8
 6 -1
 1 511
55 0
 1 -2
13 -1
 1 7
47 0
 1 -8192
12 -1
 1 2047
48 0
 1 -16384
 6 -1
 1 16383
55 0
 1 -4
 6 -1
 1 127
54 0
 1 -8192
13 -1
 1 255
48 0
 1 -8
 7 -1
 1 7
53 0
 1 -32768
12 -1
 1 32767
49 0
 1 -64
 7 -1
 1 3
53 0
 1 -1024
13 -1
 1 16383
48 0
 1 -640
12 -1
 1 1023
48 0
 1 -4096
 6 -1
 1 32767
55 0
 1 -8
 6 -1
 1 127
55 0
 1 -4
 6 -1
 1 7
54 0
 1 -256
 7 -1
 1 511
53 0
 1 -16384
13 -1
 1 63
48 0
 1 -512
 6 -1
 1 4095
55 0
 7 -1
 1 63
54 0
 1 -64
 6 -1
 1 16383
55 0
 1 -16
12 -1
 1 1
48 0
 1 -32
 6 -1
 1 127
54 0
 1 -2048
 7 -1
 1 63
54 0
 1 -32
 6 -1
 1 255
54 0
 1 -16384
14 -1
48 0
 1 -512
 6 -1
 1 8191
54 0
 1 -2048
 7 -1
 1 16383
54 0
 1 -4
12 -1
 1 4095
26 0
 1 -8192
 2 0
 1 -16384
 1 31
17 0
 1 -32768
 1 -2
 7 -1
 1 3
30 0
 1 240
23 0
 6 -1
 1 1
12 0
 1 240
25 0
 1 248
15 0
 1 -16384
 6 -1
 1 32767
48 0
 1 -4096
 6 0
 1 -8
12 -1
 1 4095
48 0
 1 -256
 8 -1
 1 31
53 0
 1 -8
 6 -1
 1 4095
54 0
 1 -4096
13 -1
 1 2017
25 0
 1 -12800
 1 3
21 0
 1 -512
 7 -1
 1 8191
 1 28
24 0
 1 -32
 1 -1
 1 127
26 0
 1 -32
 6 -1
 1 25
 1 8184
53 0
 1 504
12 -1
 1 1023
48 0
 1 -16384
 6 -1
 1 4095
22 0
 1 -16384
 1 -15616
 1 7
 1 -16384
 1 3
28 0
 1 -4096
 7 -1
 1 1
10 0
 1 -8192
 1 -15360
 1 -16384
 1 7
40 0
 1 -4
 6 -1
 1 127
 7 0
 1 -28644
 1 1
 4 0
 1 2048
 1 48
99 0
 2 0
 1 -4096
 7 -1
55 0
 1 -128
13 -1
 1 3903
47 0
 1 -4096
 6 -1
 1 32767
 1 126
48 0
 1 9020
 1 2
 3 0
 1 -32768
15 -1
 1 32767
47 0
 1 -2
13 -1
 1 1023
14 0
 1 100
31 0
 1 -4089
 6 -1
 1 13311
23 0
 1 -64
 1 31
31 0
 1 -224
 5 -1
 1 8191
33 0
 1 3
21 0
 1 -1024
12 -1
 1 7
49 0
 1 -64
13 -1
 1 1
48 0
12 -1
 1 16383
30 0
 1 1015
18 0
 7 -1
 1 1
17 0
 1 24576
29 0
 1 -32768
 6 0
 1 -2048
 7 -1
 1 31
23 0
 1 2044
11 0
 1 768
17 0
 1 -1024
 7 -1
 1 31
51 0
 1 -8192
 1 1
 1 0
 7 -1
 1 3
31 0
 1 1920
18 0
 1 256
 3 0
 1 -32768
 6 -1
 1 16383
55 0
 1 -1024
 7 -1
 1 1023
53 0
 1 -256
 7 -1
 1 63
40 0
 1 1024
13 0
 1 -8192
 7 -1
 1 7
20 0
 1 2
33 0
13 -1
 1 2047
 3 0
 1 -16384
 1 2033
 1 15
42 0
 1 -2
 6 -1
 1 8191
47 0
 1 256
 7 0
 1 -8
12 -1
 1 7
10 0
 1 1024
 1 15
12 0
 1 7936
23 0
 1 -8
 7 -1
 1 15
28 0
 1 -128
 1 16383
23 0
 1 -1024
 8 -1
 1 32767
53 0
 1 -4
 6 -1
 1 1
 8 0
 1 4222
17 0
 1 32
27 0
 1 -16384
 6 -1
 1 127
55 0
 1 -64
12 -1
 1 31
48 0
 1 -2048
14 -1
 2 0
 1 -128
21 0
 1 8190
23 0
 1 -64
 7 -1
 1 31
54 0
 1 -32
 7 -1
 1 31
19 0
 1 -2
 1 63
32 0
 1 -8
13 -1
 1 511
47 0
 1 -32768
 7 -1
 1 255
32 0
 1 16
21 0
 1 -32
 8 -1
 1 1
 6 0
 1 29180
 1 31
45 0
 1 -14
 6 -1
56 0
 7 -1
 1 15
53 0
 1 -8192
13 -1
 1 511
10 0
 1 -16384
 1 -1
 1 -16381
 1 24703
34 0
 1 -4
 6 -1
 1 1023
55 0
 1 -64
 5 -1
 1 2047
55 0
 1 -32
 6 -1
 1 15
44 0
 1 -5888
 1 -1
 8 0
 1 -4096
12 -1
 1 255
 9 0
 1 4
24 0
 1 -8192
 1 15
13 0
 1 -96
 6 -1
 1 1023
37 0
 1 -2048
 1 543
16 0
 1 -8
 7 -1
 1 15
53 0
 1 -8
 5 -1
 1 32767
 1 448
54 0
 1 30720
 1 -2
12 -1
 1 7
48 0
 1 -8
 6 -1
 1 7
54 0
 1 -32768
 8 -1
 1 1
21 0
 1 510
 1 4
30 0
 1 -8192
13 -1
 1 511
 1 0
 1 -16384
 1 -32
 1 3075
43 0
 1 -7936
 6 -1
 1 4095
36 0
 1 -8192
 1 31
17 0
 1 -8192
 6 -1
 1 1023
55 0
 7 -1
 1 127
54 0
 1 -8192
13 -1
 1 -8161
47 0
 1 -256
 7 -1
 1 1023
 1 2047
23 0
 1 1024
29 0
 1 -1536
 6 -1
 1 1
55 0
 1 -64
11 -1
 1 4095
16 0
 1 256
32 0
 1 -4
 6 -1
 1 7
55 0
 1 -32
 6 -1
 1 15
54 0
 1 -1024
12 -1
 1 32767
32 0
 1 224
15 0
 1 -8192
 6 -1
 1 7
35 0
 1 -32768
 1 -1
 1 127
 9 0
 1 896
 1 224
 1 0
 1 4095
 3 0
 1 -8192
 7 -1
 1 15615
54 0
 1 -4096
 7 -1
 1 7
68 0
 1 -8192
 1 249
41 0
 1 16
 5 0
 1 -8
 6 -1
 1 1
27 0
 1 -4096
 1 511
 1 512
24 0
 1 -32
 7 -1
 1 0
 1 14
42 0
 1 -4096
 9 0
 1 -128
15 -1
 1 4092
19 0
 1 24576
 1 504
25 0
 1 -32768
12 -1
 1 255
 4 0
 1 32512
 1 4
42 0
 1 -32
12 -1
 1 16383
49 0
 1 -4096
13 -1
 1 127
10 0
 1 7168
 1 4
 1 0
 1 -16384
33 0
 1 -32768
 1 -2
12 -1
 1 4095
44 0
 1 30720
 1 -128
 1 255
 1 0
 1 -16
13 -1
 1 -24545
 1 -1
 1 1
45 0
 1 -32768
 6 -1
 1 255
 1 2
36 0
 1 -1920
 1 255
 1 -128
 1 1
 3 0
 1 -503
 1 8191
 1 -32
 1 3
 7 0
 1 -484
 6 -1
 1 32767
44 0
 1 448
 9 0
 1 -8192
14 -1
 1 32767
15 0
 1 448
 3 0
 1 16368
 1 3
19 0
 1 1024
 1 16
 6 0
 1 -9
11 -1
 1 127
46 0
 1 480
 1 0
 1 -256
 7 -1
 1 1023
54 0
 1 -8
 7 -1
 1 4095
30 0
 1 4
 5 0
 1 -8192
 1 16257
 1 -16320
 1 -15
 1 32767
13 0
 6 -1
 1 1023
18 0
 1 -2
 1 7
10 0
 1 15
24 0
 1 -8
 5 -1
 1 8191
 4 0
 1 12
51 0
 1 -16
 5 -1
 1 2047
10 0
 1 256
44 0
 1 -32768
 7 -1
19 0
 1 512
 8 0
 1 -7168
25 0
 1 -16384
14 -1
 1 2047
19 0
 1 24584
 1 127
 7 0
 1 -4096
 1 -1
 1 1
16 0
 1 -16
 6 -1
 1 1023
 6 0
 1 1536
 1 0
 1 128
 4 0
 1 -8
 1 32767
 1 -1024
 1 3
 8 0
 1 -16384
 1 4223
 1 -1000
 1 127
18 0
 1 512
 1 960
 6 0
 1 -2
12 -1
 1 2047
48 0
 1 -1024
13 -1
 1 7
 1 0
 1 6
11 0
 1 8
34 0
 1 -4
 5 -1
 1 1023
50 0
 1 -2048
 1 112
 3 0
 1 -128
 6 -1
 1 15
12 0
 1 8192
 1 -1
28 0
 1 -28672
 1 127
10 0
 1 -4096
 7 -1
 1 8191
 1 31
 7 0
 1 32704
13 0
 1 -4096
 1 3
30 0
 1 -3088
14 -1
 1 3
47 0
 1 -32
12 -1
 1 15
 4 0
 1 3072
31 0
 1 112
11 0
 1 -1024
 7 -1
 1 127
53 0
 1 -32768
13 -1
 1 127
 1 0
 1 3840
46 0
 1 -640
12 -1
 1 4095
49 0
 1 -4
 6 -1
 1 63
54 0
 1 -7168
 6 -1
 1 259
21 0
 1 -32768
 1 15
14 0
 1 896
 4 0
 1 3072
11 0
 1 -16384
 7 -1
 1 15
55 0
 1 -32
 7 -1
 1 3
 1 96
 1 0
 1 508
18 0
 1 -4096
 1 3
18 0
 1 16384
 7 0
 1 7
 1 1024
 2 0
 1 -8
13 -1
 1 2047
19 0
 1 256
 2 0
 1 -13312
 1 16128
13 0
 1 -1
 1 15
 8 0
 1 -64
 6 -1
 1 8191
 1 2
23 0
 1 3
 8 0
 1 63
 3 0
 1 8192
17 0
 1 -2
 6 -1
 1 63
43 0
 1 -16384
10 0
 1 -1024
 8 -1
 1 2
52 0
 1 -16384
13 -1
 1 31
 4 0
 1 -4096
 1 2063
30 0
 1 32256
12 0
 1 -61
 8 -1
13 0
 1 127
21 0
 1 2048
16 0
 1 -2048
 6 -1
 1 127
55 0
 1 -128
 6 -1
 1 7
 8 0
 1 1536
20 0
 1 14336
 1 -510
 1 1817
 1 1
21 0
 1 -512
13 -1
 1 8191
 6 0
 1 30720
41 0
 1 -32
 5 -1
 1 255
48 0
 1 -16384
 1 18447
 6 0
 1 -1024
 6 -1
 1 3
54 0
 1 -4096
12 -1
 1 32767
48 0
 1 -32768
 7 -1
 1 127
 8 0
 1 16384
 1 -4096
 1 7
 3 0
 1 1536
10 0
 1 8190
28 0
 1 -16
 6 -1
 1 255
49 0
 1 8192
 4 0
 1 -2048
 7 -1
 1 511
 2 0
 1 -128
51 0
 1 -8128
13 -1
 1 127
31 0
 1 511
 4 0
 1 3072
10 0
 1 -128
 7 -1
 1 -16637
 1 9215
53 0
 1 -32
 6 -1
 1 1023
11 0
 1 -8192
 1 3
42 0
 1 -7
12 -1
 1 8191
 3 0
 1 -32768
 1 15
11 0
 1 15
28 0
 1 1008
 2 0
 1 -2
 6 -1
 1 511
55 0
 1 -64
 5 -1
 1 -319
 1 2047
 8 0
 1 8192
 1 63
44 0
 1 -512
14 -1
 1 7
20 0
 1 -128
 1 -13
 7 0
 1 2144
 5 0
 1 -512
11 0
 1 -448
 6 -1
 1 2047
54 0
 1 -256
 6 -1
 1 127
 9 0
 1 512
 2 0
 1 3
22 0
 1 9729
16 0
 1 480
 2 0
 1 -256
 6 -1
 1 1
10 0
 1 32256
 1 0
 1 2048
89 0
 1 -28800
 1 7
13 0
 1 -4
 1 -1017
 6 -1
 1 127
 6 0
 1 24
46 0
 1 -32
13 -1
 1 7
 3 0
 1 256
 7 0
 1 32
23 0
 1 -16384
 1 1
11 0
 1 -2
13 -1
 1 255
48 0
 1 -16
12 -1
 1 967
 4 0
 1 -8192
 1 28527
 1 64
 1 192
 1 0
 1 12
38 0
 8 -1
 1 7
 5 0
 1 7548
 5 0
 1 -13312
 1 511
34 0
 1 -4096
 1 31
 4 0
 1 -64
 6 -1
 1 8191
55 0
 1 -128
 5 -1
 1 4607
41 0
 1 1024
13 0
 1 -8
 7 -1
 1 1023
12 0
 1 1536
21 0
 1 510
 1 6
17 0
 1 -16384
 1 -31
 6 -1
 1 127
 7 0
 1 1536
 1 1
11 0
 1 -32
 1 7
32 0
 1 -15368
13 -1
 1 16383
25 0
 1 -16384
 1 1280
 1 32
21 0
 1 -14
 5 -1
 1 3
45 0
 1 8704
 1 -116
 1 127
 6 0
 1 -3792
 6 -1
 1 4095
18 0
 1 16128
 1 32762
 1 2048
 2 -1
13 0
 1 32512
 1 -32768
 1 127
16 0
 1 -2
12 -1
 1 8191
48 0
 1 -3136
